Date,Open,High,Low,Close,Adj Close,Volume
2023-09-28,1866.67,1893.33,1850.0,1876.67,1773.72,204000
2023-09-29,1870.0,1916.67,1870.0,1906.67,1802.08,355800
2023-10-02,1896.67,1900.0,1853.33,1853.33,1751.67,553800
2023-10-03,1850.0,1860.0,1833.33,1846.67,1745.37,261000
2023-10-04,1820.0,1846.67,1816.67,1820.0,1720.17,288900
2023-10-05,1820.0,1830.0,1796.67,1830.0,1729.62,252900
2023-10-06,1823.33,1830.0,1793.33,1816.67,1717.02,365100
2023-10-10,1810.0,1846.67,1810.0,1826.67,1726.47,213300
2023-10-11,1826.67,1833.33,1776.67,1783.33,1685.51,198300
2023-10-12,1773.33,1813.33,1756.67,1803.33,1704.41,344700
2023-10-13,1803.33,1820.0,1786.67,1793.33,1694.96,222900
2023-10-16,1753.33,1766.67,1723.33,1733.33,1638.25,204000
2023-10-17,1733.33,1773.33,1733.33,1756.67,1660.31,198600
2023-10-18,1756.67,1763.33,1730.0,1763.33,1666.61,147900
2023-10-19,1733.33,1763.33,1733.33,1760.0,1663.46,150300
2023-10-20,1743.33,1753.33,1733.33,1736.67,1641.4,216900
2023-10-23,1720.0,1733.33,1693.33,1696.67,1603.6,159000
2023-10-24,1696.67,1726.67,1665.0,1716.67,1622.5,189300
2023-10-25,1733.33,1733.33,1706.67,1706.67,1613.05,177000
2023-10-26,1676.67,1690.0,1648.33,1655.0,1564.22,264000
2023-10-27,1666.67,1703.33,1665.0,1693.33,1600.45,430200
2023-10-30,1680.0,1690.0,1665.0,1673.33,1581.54,243000
2023-10-31,1673.33,1706.67,1673.33,1696.67,1603.6,320100
2023-11-01,1500.0,1526.67,1445.0,1491.67,1409.84,1708500
2023-11-02,1498.33,1521.67,1466.67,1501.67,1419.29,1080600
2023-11-06,1536.67,1540.0,1500.0,1501.67,1419.29,600300
2023-11-07,1511.67,1513.33,1466.67,1468.33,1387.79,758700
2023-11-08,1471.67,1496.67,1448.33,1493.33,1411.42,678900
2023-11-09,1513.33,1553.33,1508.33,1546.67,1461.83,833100
2023-11-10,1538.33,1540.0,1510.0,1520.0,1436.62,415500
2023-11-13,1536.67,1536.67,1503.33,1523.33,1439.77,345900
2023-11-14,1536.67,1573.33,1533.33,1565.0,1479.15,420000
2023-11-15,1575.0,1628.33,1568.33,1616.67,1527.99,676800
2023-11-16,1606.67,1623.33,1591.67,1611.67,1523.26,336900
2023-11-17,1591.67,1596.67,1568.33,1575.0,1488.61,423300
2023-11-20,1581.67,1588.33,1538.33,1541.67,1457.1,377100
2023-11-21,1550.0,1621.67,1550.0,1603.33,1515.38,368400
2023-11-22,1603.33,1615.0,1596.67,1596.67,1509.08,259500
2023-11-24,1615.0,1625.0,1580.0,1580.0,1493.33,321000
2023-11-27,1583.33,1606.67,1571.67,1583.33,1496.48,276000
2023-11-28,1573.33,1575.0,1551.67,1568.33,1482.3,431100
2023-11-29,1583.33,1625.0,1583.33,1615.0,1526.41,393900
2023-11-30,1618.33,1645.0,1618.33,1640.0,1550.04,426000
2023-12-01,1631.67,1631.67,1598.33,1610.0,1521.69,525900
2023-12-04,1603.33,1648.33,1591.67,1626.67,1537.44,424500
2023-12-05,1650.0,1661.67,1615.0,1616.67,1527.99,306900
2023-12-06,1626.67,1660.0,1626.67,1656.67,1565.79,222600
2023-12-07,1643.33,1665.0,1640.0,1653.33,1562.64,217800
2023-12-08,1656.67,1660.0,1610.0,1621.67,1532.71,294600
2023-12-11,1633.33,1683.33,1628.33,1680.0,1587.85,394500
2023-12-12,1703.33,1766.67,1690.0,1756.67,1660.31,810900
2023-12-13,1786.67,1883.33,1783.33,1843.33,1742.22,1189800
2023-12-14,1876.67,1943.33,1876.67,1920.0,1814.68,982200
2023-12-15,1943.33,2006.67,1926.67,1933.33,1827.28,1160100
2023-12-18,1916.67,1956.67,1910.0,1956.67,1849.34,586200
2023-12-19,1966.67,2013.33,1936.67,2010.0,1899.74,675600
2023-12-20,1943.33,1963.33,1876.67,1880.0,1776.88,1113900
2023-12-21,1850.0,1896.67,1846.67,1880.0,1776.88,444900
2023-12-22,1873.33,1883.33,1856.67,1880.0,1776.88,318300
2023-12-25,1893.33,1920.0,1853.33,1863.33,1761.12,310200
2023-12-26,1863.33,1916.67,1863.33,1893.33,1789.48,429000
2023-12-27,1900.0,1966.67,1886.67,1956.67,1849.34,549600
2023-12-28,1940.0,1940.0,1906.67,1926.67,1838.52,158100
2023-12-29,1926.67,1956.67,1923.33,1946.67,1857.61,306600
2024-01-04,1900.0,1956.67,1900.0,1946.67,1857.61,223800
2024-01-05,1953.33,1953.33,1900.0,1906.67,1819.44,461100
2024-01-09,1910.0,1966.67,1910.0,1963.33,1873.51,280800
2024-01-10,1953.33,1980.0,1940.0,1980.0,1889.41,341100
2024-01-11,1996.67,1996.67,1943.33,1976.67,1886.23,346800
2024-01-12,1970.0,1996.67,1956.67,1986.67,1895.78,389700
2024-01-15,1976.67,1983.33,1956.67,1983.33,1892.6,60300
2024-01-16,1976.67,1990.0,1936.67,1943.33,1854.43,523200
2024-01-17,1943.33,1946.67,1873.33,1876.67,1790.81,616500
2024-01-18,1883.33,1906.67,1870.0,1890.0,1803.53,364200
2024-01-19,1903.33,1903.33,1883.33,1890.0,1803.53,299100
2024-01-22,1936.67,1950.0,1926.67,1936.67,1848.06,264000
2024-01-23,1926.67,1963.33,1923.33,1950.0,1860.79,291000
2024-01-24,1933.33,1933.33,1896.67,1923.33,1835.34,300000
2024-01-25,1926.67,1946.67,1893.33,1936.67,1848.06,355500
2024-01-26,1916.67,1923.33,1876.67,1880.0,1793.99,305400
2024-01-29,1906.67,1906.67,1873.33,1883.33,1797.17,255000
2024-01-30,1903.33,1910.0,1880.0,1886.67,1800.35,282900
2024-01-31,1853.33,1853.33,1820.0,1846.67,1762.18,569700
2024-02-01,1840.0,1876.67,1830.0,1856.67,1771.72,336300
2024-02-02,1863.33,1903.33,1863.33,1893.33,1806.71,212700
2024-02-05,1910.0,1910.0,1876.67,1876.67,1790.81,316500
2024-02-06,1853.33,1870.0,1836.67,1846.67,1762.18,469500
2024-02-07,1833.33,1850.0,1786.67,1810.0,1727.19,480300
2024-02-08,1816.67,1836.67,1796.67,1830.0,1746.28,370800
2024-02-09,1830.0,1863.33,1830.0,1850.0,1765.36,220200
2024-02-13,1853.33,1880.0,1846.67,1876.67,1790.81,268800
2024-02-14,1860.0,1920.0,1836.67,1903.33,1816.26,475200
2024-02-15,1803.33,1866.67,1746.67,1850.0,1765.36,1005600
2024-02-16,1870.0,1896.67,1760.0,1783.33,1701.75,1193100
2024-02-19,1783.33,1836.67,1770.0,1816.67,1733.55,365700
2024-02-20,1840.0,1860.0,1830.0,1846.67,1762.18,350100
2024-02-21,1833.33,1843.33,1766.67,1766.67,1685.84,521700
2024-02-22,1763.33,1766.67,1733.33,1753.33,1673.12,433200
2024-02-26,1793.33,1833.33,1776.67,1793.33,1711.29,653100
2024-02-27,1813.33,1840.0,1810.0,1816.67,1733.55,265500
2024-02-28,1806.67,1833.33,1803.33,1803.33,1720.83,156600
2024-02-29,1786.67,1796.67,1773.33,1786.67,1704.93,250200
2024-03-01,1793.33,1806.67,1750.0,1770.0,1689.02,454800
2024-03-04,1746.67,1766.67,1733.33,1740.0,1660.39,503700
2024-03-05,1770.0,1796.67,1740.0,1783.33,1701.75,509700
2024-03-06,1773.33,1813.33,1770.0,1803.33,1720.83,401100
2024-03-07,1803.33,1816.67,1773.33,1780.0,1698.56,304800
2024-03-08,1773.33,1803.33,1773.33,1780.0,1698.56,316800
2024-03-11,1763.33,1766.67,1740.0,1760.0,1679.48,300600
2024-03-12,1750.0,1786.67,1733.33,1776.67,1695.38,251700
2024-03-13,1773.33,1776.67,1743.33,1756.67,1676.3,233700
2024-03-14,1746.67,1746.67,1720.0,1733.33,1654.03,234300
2024-03-15,1713.33,1720.0,1693.33,1706.67,1628.59,297300
2024-03-18,1710.0,1733.33,1703.33,1723.33,1644.49,277200
2024-03-19,1723.33,1723.33,1680.0,1690.0,1612.68,426600
2024-03-21,1690.0,1700.0,1661.67,1666.67,1590.42,567300
2024-03-22,1676.67,1690.0,1656.67,1686.67,1609.5,413700
2024-03-25,1690.0,1693.33,1640.0,1643.33,1568.15,477300
2024-03-26,1636.67,1651.67,1618.33,1643.33,1568.15,589500
2024-03-27,1663.33,1670.0,1653.33,1660.0,1584.05,354300
2024-03-28,1663.33,1666.67,1636.67,1643.33,1568.15,303300
2024-03-29,1653.33,1676.67,1640.0,1670.0,1593.6,189000
2024-04-01,1673.33,1683.33,1613.33,1625.0,1550.66,485400
2024-04-02,1603.33,1613.33,1553.33,1580.0,1507.71,768000
2024-04-03,1563.33,1573.33,1533.33,1535.0,1464.77,760500
2024-04-04,1558.33,1613.33,1558.33,1603.33,1529.98,815400
2024-04-05,1616.67,1630.0,1593.33,1608.33,1534.75,481800
2024-04-08,1610.0,1648.33,1596.67,1616.67,1542.7,354900
2024-04-09,1640.0,1640.0,1615.0,1625.0,1550.66,320700
2024-04-10,1640.0,1660.0,1635.0,1635.0,1560.2,387300
2024-04-11,1611.67,1633.33,1608.33,1628.33,1553.84,232500
2024-04-12,1666.67,1686.67,1658.33,1673.33,1596.78,813900
2024-04-15,1658.33,1690.0,1650.0,1666.67,1590.42,443700
2024-04-16,1650.0,1680.0,1638.33,1660.0,1584.05,465600
2024-04-17,1680.0,1680.0,1643.33,1651.67,1576.1,406200
2024-04-18,1665.0,1690.0,1661.67,1673.33,1596.78,480300
2024-04-19,1683.33,1700.0,1650.0,1663.33,1587.24,589800
2024-04-22,1686.67,1700.0,1673.33,1683.33,1606.32,420600
2024-04-23,1666.67,1680.0,1645.0,1656.67,1580.87,573300
2024-04-24,1658.33,1703.33,1658.33,1683.33,1606.32,382800
2024-04-25,1683.33,1690.0,1666.67,1666.67,1590.42,335100
2024-04-26,1666.67,1690.0,1650.0,1680.0,1603.14,500400
2024-04-30,1676.67,1750.0,1611.67,1750.0,1669.94,1080600
2024-05-01,1773.33,1796.67,1740.0,1746.67,1666.76,650700
2024-05-02,1766.67,1803.33,1763.33,1773.33,1692.2,438900
2024-05-07,1783.33,1833.33,1776.67,1823.33,1739.92,468000
2024-05-08,1823.33,1833.33,1810.0,1816.67,1733.55,213000
2024-05-09,1816.67,1896.67,1813.33,1873.33,1787.63,441900
2024-05-10,1876.67,1880.0,1770.0,1800.0,1717.65,552000
2024-05-13,1750.0,1766.67,1680.0,1693.33,1615.86,705900
2024-05-14,1706.67,1756.67,1696.67,1736.67,1657.21,395400
2024-05-15,1750.0,1780.0,1736.67,1756.67,1676.3,384000
2024-05-16,1776.67,1783.33,1746.67,1773.33,1692.2,291600
2024-05-17,1780.0,1800.0,1746.67,1756.67,1676.3,274500
2024-05-20,1750.0,1773.33,1736.67,1746.67,1666.76,230100
2024-05-21,1743.33,1750.0,1726.67,1746.67,1666.76,275400
2024-05-22,1766.67,1803.33,1756.67,1786.67,1704.93,338100
2024-05-23,1783.33,1813.33,1770.0,1800.0,1717.65,198900
2024-05-24,1766.67,1786.67,1750.0,1760.0,1679.48,352800
2024-05-27,1756.67,1760.0,1743.33,1760.0,1679.48,227700
2024-05-28,1760.0,1760.0,1710.0,1730.0,1650.85,426600
2024-05-29,1710.0,1710.0,1680.0,1696.67,1619.04,380100
2024-05-30,1680.0,1710.0,1660.0,1703.33,1625.41,267000
2024-05-31,1720.0,1726.67,1696.67,1713.33,1634.95,331800
2024-06-03,1720.0,1730.0,1706.67,1710.0,1631.77,161700
2024-06-04,1726.67,1773.33,1723.33,1750.0,1669.94,301800
2024-06-05,1750.0,1776.67,1720.0,1766.67,1685.84,353700
2024-06-06,1780.0,1783.33,1740.0,1743.33,1663.58,259500
2024-06-07,1726.67,1746.67,1723.33,1740.0,1660.39,147600
2024-06-10,1750.0,1763.33,1740.0,1750.0,1669.94,258900
2024-06-11,1736.67,1753.33,1726.67,1753.33,1673.12,234900
2024-06-12,1740.0,1753.33,1730.0,1746.67,1666.76,214800
2024-06-13,1746.67,1746.67,1703.33,1710.0,1631.77,238500
2024-06-14,1716.67,1793.33,1710.0,1786.67,1704.93,524700
2024-06-17,1800.0,1800.0,1766.67,1776.67,1695.38,322800
2024-06-18,1776.67,1780.0,1746.67,1756.67,1676.3,175800
2024-06-19,1763.33,1786.67,1750.0,1770.0,1689.02,257700
2024-06-20,1770.0,1790.0,1746.67,1750.0,1669.94,185700
2024-06-21,1746.67,1760.0,1740.0,1750.0,1669.94,412800
2024-06-24,1750.0,1756.67,1726.67,1746.67,1666.76,175800
2024-06-25,1733.33,1746.67,1726.67,1740.0,1660.39,275700
2024-06-26,1743.33,1766.67,1720.0,1760.0,1679.48,340500
2024-06-27,1730.0,1746.67,1730.0,1740.0,1677.55,203700
2024-06-28,1723.33,1776.67,1713.33,1760.0,1696.83,328200
2024-07-01,1750.0,1750.0,1683.33,1693.33,1632.56,414600
2024-07-02,1683.33,1693.33,1670.0,1686.67,1626.13,361800
2024-07-03,1700.0,1710.0,1690.0,1703.33,1642.2,273300
2024-07-04,1710.0,1716.67,1680.0,1680.0,1619.71,318600
2024-07-05,1670.0,1670.0,1631.67,1655.0,1595.6,452100
2024-07-08,1653.33,1660.0,1636.67,1653.33,1594.0,501600
2024-07-09,1658.33,1676.67,1641.67,1666.67,1606.85,243300
2024-07-10,1666.67,1673.33,1645.0,1673.33,1613.28,217500
2024-07-11,1690.0,1696.67,1670.0,1680.0,1619.71,466500
2024-07-12,1680.0,1756.67,1680.0,1753.33,1690.41,352800
2024-07-16,1766.67,1793.33,1753.33,1760.0,1696.83,396600
2024-07-17,1760.0,1793.33,1743.33,1766.67,1703.26,289200
2024-07-18,1760.0,1813.33,1753.33,1796.67,1732.18,516000
2024-07-19,1796.67,1826.67,1783.33,1790.0,1725.76,314700
2024-07-22,1793.33,1806.67,1763.33,1796.67,1732.18,309000
2024-07-23,1806.67,1843.33,1793.33,1826.67,1761.11,336300
2024-07-24,1816.67,1826.67,1793.33,1803.33,1738.61,321300
2024-07-25,1770.0,1830.0,1750.0,1793.33,1728.97,666300
2024-07-26,1796.67,1916.67,1780.0,1880.0,1812.53,848700
2024-07-29,1886.67,1926.67,1866.67,1926.67,1857.52,456300
2024-07-30,1926.67,1930.0,1846.67,1846.67,1780.39,1952400
2024-07-31,1846.67,1906.67,1843.33,1896.67,1828.6,370800
2024-08-01,1896.67,1933.33,1846.67,1846.67,1780.39,625200
2024-08-02,1816.67,1853.33,1806.67,1826.67,1761.11,454200
2024-08-05,1740.0,1826.67,1663.33,1670.0,1610.06,1017000
2024-08-06,1736.67,1813.33,1736.67,1790.0,1725.76,796800
2024-08-07,1773.33,1900.0,1770.0,1826.67,1761.11,412500
2024-08-08,1793.33,1836.67,1790.0,1803.33,1738.61,423000
2024-08-09,1830.0,1856.67,1773.33,1796.67,1732.18,498000
2024-08-13,1803.33,1816.67,1763.33,1800.0,1735.4,501900
2024-08-14,1816.67,1863.33,1766.67,1853.33,1786.82,451800
2024-08-15,1833.33,1880.0,1820.0,1853.33,1786.82,254400
2024-08-16,1883.33,1906.67,1866.67,1900.0,1831.81,207900
2024-08-19,1896.67,1900.0,1873.33,1876.67,1809.31,162000
2024-08-20,1886.67,1936.67,1886.67,1920.0,1851.09,168900
2024-08-21,1900.0,1910.0,1876.67,1890.0,1822.17,215400
2024-08-22,1900.0,1940.0,1890.0,1930.0,1860.73,311400
2024-08-23,1930.0,1933.33,1906.67,1916.67,1847.88,168000
2024-08-26,1916.67,1983.33,1903.33,1976.67,1905.72,397800
2024-08-27,1976.67,2000.0,1953.33,2000.0,1928.22,189000
2024-08-28,2016.67,2020.0,1966.67,1973.33,1902.51,377400
2024-08-29,1983.33,2033.33,1983.33,2000.0,1928.22,281100
2024-08-30,2010.0,2030.0,1993.33,2000.0,1928.22,166800
2024-09-02,1993.33,2006.67,1960.0,1986.67,1915.37,170100
2024-09-03,1993.33,2020.0,1986.67,2003.33,1931.43,270900
2024-09-04,1970.0,2000.0,1960.0,1976.67,1905.72,204900
2024-09-05,1973.33,1973.33,1950.0,1960.0,1889.66,192600
2024-09-06,1960.0,1960.0,1916.67,1930.0,1860.73,299700
2024-09-09,1886.67,1920.0,1886.67,1910.0,1841.45,357000
2024-09-10,1910.0,1956.67,1896.67,1940.0,1870.37,429300
2024-09-11,1906.67,1913.33,1846.67,1863.33,1796.46,491700
2024-09-12,1893.33,1903.33,1870.0,1870.0,1802.89,464700
2024-09-13,1866.67,1876.67,1850.0,1876.67,1809.31,240600
2024-09-17,1820.0,1830.0,1793.33,1823.33,1757.89,730800
2024-09-18,1833.33,1850.0,1816.67,1846.67,1780.39,380700
2024-09-19,1850.0,1866.67,1833.33,1853.33,1786.82,288600
2024-09-20,1876.67,1886.67,1813.33,1840.0,1773.96,681600
2024-09-24,1836.67,1836.67,1803.33,1803.33,1738.61,421500
2024-09-25,1793.33,1820.0,1786.67,1813.33,1748.25,296100
2024-09-26,1830.0,1886.67,1816.67,1866.67,1799.67,401700
2024-09-27,1866.67,1876.67,1850.0,1863.33,1796.46,219300
2024-09-30,1830.0,1870.0,1826.67,1846.67,1780.39,322500
2024-10-01,1850.0,1863.33,1830.0,1856.67,1790.03,267600
2024-10-02,1856.67,1873.33,1826.67,1833.33,1767.54,298800
2024-10-03,1866.67,1870.0,1810.0,1813.33,1748.25,305700
2024-10-04,1823.33,1843.33,1820.0,1836.67,1770.75,185100
2024-10-07,1830.0,1836.67,1806.67,1833.33,1767.54,231600
2024-10-08,1800.0,1836.67,1796.67,1833.33,1767.54,250800
2024-10-09,1833.33,1906.67,1833.33,1906.67,1838.24,263700
2024-10-10,1896.67,1896.67,1833.33,1846.67,1780.39,356700
2024-10-11,1840.0,1850.0,1830.0,1846.67,1780.39,142200
2024-10-15,1866.67,1873.33,1833.33,1846.67,1780.39,291600
2024-10-16,1836.67,1883.33,1836.67,1850.0,1783.6,269700
2024-10-17,1850.0,1850.0,1816.67,1823.33,1757.89,191400
2024-10-18,1833.33,1843.33,1813.33,1816.67,1751.47,250200
2024-10-21,1830.0,1836.67,1810.0,1813.33,1748.25,140100
2024-10-22,1816.67,1816.67,1770.0,1773.33,1709.69,189900
2024-10-23,1773.33,1793.33,1740.0,1770.0,1706.47,243900
2024-10-24,1766.67,1770.0,1746.67,1766.67,1703.26,182700
2024-10-25,1776.67,1776.67,1736.67,1753.33,1690.41,233100
2024-10-28,1763.33,1770.0,1740.0,1766.67,1703.26,221700
2024-10-29,1770.0,1776.67,1746.67,1776.67,1712.9,212700
2024-10-30,1796.67,1816.67,1780.0,1803.33,1738.61,391500
2024-10-31,1786.67,1823.33,1783.33,1820.0,1754.68,342900
2024-11-01,1638.33,1676.67,1606.67,1641.67,1582.75,833100
2024-11-05,1646.67,1683.33,1616.67,1683.33,1622.92,675600
2024-11-06,1651.67,1661.67,1626.67,1633.33,1574.71,539400
2024-11-07,1638.33,1750.0,1635.0,1720.0,1658.27,736800
2024-11-08,1753.33,1830.0,1753.33,1790.0,1725.76,478500
2024-11-11,1780.0,1820.0,1776.67,1803.33,1738.61,214200
2024-11-12,1823.33,1833.33,1803.33,1820.0,1754.68,237900
2024-11-13,1816.67,1836.67,1806.67,1816.67,1751.47,206100
2024-11-14,1816.67,1823.33,1776.67,1800.0,1735.4,222000
2024-11-15,1780.0,1783.33,1706.67,1726.67,1664.7,429300
2024-11-18,1713.33,1726.67,1696.67,1700.0,1638.99,325800
2024-11-19,1800.0,1806.67,1736.67,1746.67,1683.98,444900
2024-11-20,1760.0,1773.33,1726.67,1740.0,1677.55,563400
2024-11-21,1746.67,1763.33,1723.33,1736.67,1674.34,541500
2024-11-22,1726.67,1800.0,1723.33,1793.33,1728.97,550200
2024-11-25,1813.33,1863.33,1803.33,1813.33,1748.25,576900
2024-11-26,1793.33,1820.0,1786.67,1813.33,1748.25,245100
2024-11-27,1806.67,1826.67,1793.33,1810.0,1745.04,396900
2024-11-28,1833.33,1846.67,1796.67,1820.0,1754.68,246900
2024-11-29,1820.0,1833.33,1803.33,1806.67,1741.83,232800
2024-12-02,1793.33,1813.33,1783.33,1800.0,1735.4,175200
2024-12-03,1833.33,1846.67,1823.33,1836.67,1770.75,210300
2024-12-04,1840.0,1866.67,1830.0,1863.33,1796.46,248700
2024-12-05,1866.67,1883.33,1856.67,1866.67,1799.67,255600
2024-12-06,1866.67,1896.67,1856.67,1873.33,1806.1,276300
2024-12-09,1893.33,1933.33,1890.0,1930.0,1860.73,359400
2024-12-10,1963.33,1966.67,1896.67,1920.0,1851.09,448800
2024-12-11,1920.0,1973.33,1920.0,1970.0,1899.3,460500
2024-12-12,1973.33,1983.33,1953.33,1956.67,1886.44,320400
2024-12-13,1926.67,1973.33,1926.67,1953.33,1883.23,286200
2024-12-16,1946.67,1953.33,1926.67,1926.67,1857.52,265800
2024-12-17,1946.67,1976.67,1936.67,1973.33,1902.51,224400
2024-12-18,1980.0,1980.0,1950.0,1950.0,1880.01,198600
2024-12-19,1950.0,1950.0,1893.33,1913.33,1844.66,398100
2024-12-20,1940.0,1940.0,1906.67,1923.33,1854.31,250500
2024-12-23,1926.67,1960.0,1916.67,1956.67,1886.44,162900
2024-12-24,1943.33,1960.0,1926.67,1946.67,1876.8,316500
2024-12-25,1946.67,1946.67,1923.33,1940.0,1870.37,102300
2024-12-26,1950.0,1966.67,1950.0,1963.33,1892.87,124500
2024-12-27,1953.33,1963.33,1940.0,1960.0,1907.14,217200
2024-12-30,1963.33,1976.67,1936.67,1950.0,1897.41,319200
2025-01-06,1950.0,1963.33,1900.0,1900.0,1848.76,299400
2025-01-07,1883.33,1883.33,1860.0,1883.33,1832.54,358500
2025-01-08,1883.33,1883.33,1863.33,1876.67,1826.05,262800
2025-01-09,1880.0,1883.33,1863.33,1883.33,1832.54,131400
2025-01-10,1883.33,1883.33,1846.67,1856.67,1806.59,233400
2025-01-14,1856.67,1866.67,1810.0,1830.0,1780.65,268800
2025-01-15,1826.67,1840.0,1816.67,1840.0,1790.38,296100
2025-01-16,1860.0,1906.67,1853.33,1883.33,1832.54,453300
2025-01-17,1863.33,1863.33,1830.0,1850.0,1800.11,204000
2025-01-20,1866.67,1870.0,1850.0,1856.67,1806.59,178200
2025-01-21,1846.67,1860.0,1833.33,1860.0,1809.84,215100
2025-01-22,1843.33,1863.33,1840.0,1850.0,1800.11,213600
2025-01-23,1853.33,1860.0,1836.67,1853.33,1803.35,288900
2025-01-24,1863.33,1863.33,1840.0,1846.67,1796.86,383700
2025-01-27,1850.0,1853.33,1823.33,1853.33,1803.35,410400
2025-01-28,1863.33,1930.0,1853.33,1916.67,1864.98,380100
2025-01-29,1916.67,1923.33,1893.33,1900.0,1848.76,257700
2025-01-30,1910.0,2036.67,1910.0,1993.33,1939.58,926700
2025-01-31,1996.67,2056.67,1993.33,2050.0,1994.71,657000
2025-02-03,2040.0,2080.0,2036.67,2036.67,1981.74,367500
2025-02-04,2066.67,2103.33,2040.0,2050.0,1994.71,364200
2025-02-05,2040.0,2060.0,2036.67,2053.33,1997.96,329700
2025-02-06,2050.0,2070.0,2023.33,2070.0,2014.17,320700
2025-02-07,2070.0,2086.67,2043.33,2070.0,2014.17,279900
2025-02-10,2070.0,2153.33,2070.0,2130.0,2072.56,577500
2025-02-12,2163.33,2166.67,2130.0,2143.33,2085.53,519600
2025-02-13,2133.33,2273.33,2103.33,2176.67,2117.96,1429500
2025-02-14,2196.67,2243.33,2180.0,2216.67,2156.89,543600
2025-02-17,2183.33,2200.0,2050.0,2053.33,1997.96,1300500
2025-02-18,2106.67,2110.0,2053.33,2063.33,2007.69,632400
2025-02-19,2063.33,2093.33,2050.0,2073.33,2017.42,371100
2025-02-20,2063.33,2070.0,2040.0,2050.0,1994.71,333000
2025-02-21,2036.67,2053.33,1990.0,2013.33,1959.04,532800
2025-02-25,2003.33,2023.33,1976.67,2006.67,1952.55,452400
2025-02-26,2026.67,2050.0,1996.67,2030.0,1975.25,396000
2025-02-27,2020.0,2026.67,1990.0,2013.33,1959.04,348900
2025-02-28,1993.33,2000.0,1963.33,1976.67,1923.36,296700
2025-03-03,2010.0,2056.67,2010.0,2030.0,1975.25,485400
2025-03-04,2053.33,2083.33,2033.33,2073.33,2017.42,506400
2025-03-05,2106.67,2166.67,2096.67,2136.67,2079.04,751500
2025-03-06,2130.0,2136.67,2110.0,2123.33,2066.07,389700
2025-03-07,2103.33,2113.33,2070.0,2073.33,2017.42,448800
2025-03-10,2106.67,2113.33,2080.0,2106.67,2049.85,583800
2025-03-11,2073.33,2086.67,2023.33,2070.0,2014.17,821100
2025-03-12,2083.33,2116.67,2073.33,2096.67,2040.12,697200
2025-03-13,2106.67,2166.67,2100.0,2166.67,2108.23,536400
2025-03-14,2153.33,2166.67,2126.67,2146.67,2088.77,591900
2025-03-17,2170.0,2173.33,2150.0,2163.33,2104.99,382200
2025-03-18,2166.67,2193.33,2153.33,2176.67,2117.96,417000
2025-03-19,2160.0,2170.0,2140.0,2160.0,2101.75,376800
2025-03-21,2060.0,2100.0,2046.67,2080.0,2023.9,646800
2025-03-24,2096.67,2123.33,2090.0,2116.67,2059.58,375300
2025-03-25,2103.33,2110.0,2076.67,2100.0,2043.36,309000
2025-03-26,2086.67,2096.67,2060.0,2093.33,2036.88,315300
2025-03-27,2093.33,2130.0,2083.33,2130.0,2072.56,326400
2025-03-28,2136.67,2140.0,2096.67,2116.67,2059.58,479400
2025-03-31,2096.67,2103.33,1990.0,2026.67,1972.01,605400
2025-04-01,2050.0,2063.33,2036.67,2040.0,1984.98,422700
2025-04-02,2066.67,2073.33,2043.33,2056.67,2001.2,411600
2025-04-03,2033.33,2060.0,2023.33,2046.67,1991.47,403200
2025-04-04,2043.33,2070.0,2013.33,2040.0,1984.98,528000
2025-04-07,1873.33,1946.67,1823.33,1913.33,1861.73,886200
2025-04-08,1970.0,1993.33,1926.67,1963.33,1910.38,484200
2025-04-09,1943.33,1963.33,1900.0,1923.33,1871.46,482700
2025-04-10,2016.67,2033.33,1973.33,2020.0,1965.52,566700
2025-04-11,1936.67,2006.67,1930.0,1993.33,1939.58,531900
2025-04-14,1986.67,2013.33,1973.33,2000.0,1946.06,355800
2025-04-15,2000.0,2020.0,1986.67,1996.67,1942.82,417600
2025-04-16,2000.0,2020.0,1990.0,2013.33,1959.04,305100
2025-04-17,2033.33,2060.0,2030.0,2053.33,1997.96,263700
2025-04-18,2053.33,2063.33,2036.67,2050.0,1994.71,275400
2025-04-21,2060.0,2086.67,2056.67,2066.67,2010.93,240900
2025-04-22,2123.33,2140.0,2073.33,2086.67,2030.39,426300
2025-04-23,2093.33,2096.67,2070.0,2080.0,2023.9,306900
2025-04-24,2080.0,2080.0,2026.67,2033.33,1978.5,225300
2025-04-25,2003.33,2046.67,1990.0,2030.0,1975.25,354300
2025-04-28,2036.67,2083.33,2030.0,2070.0,2014.17,447600
2025-04-30,2070.0,2100.0,2036.67,2080.0,2023.9,605100
2025-05-01,1936.67,2023.33,1900.0,1923.33,1871.46,1147800
2025-05-02,1903.33,1940.0,1896.67,1913.33,1861.73,693900
2025-05-07,1900.0,1980.0,1900.0,1970.0,1916.87,571200
2025-05-08,1966.67,2090.0,1963.33,2076.67,2020.66,1041600
2025-05-09,2086.67,2233.33,2073.33,2223.33,2163.37,1375200
2025-05-12,2233.33,2326.67,2213.33,2286.67,2225.0,1414500
2025-05-13,2320.0,2363.33,2200.0,2330.0,2267.16,2230800
2025-05-14,2343.33,2380.0,2290.0,2303.33,2241.21,1818600
2025-05-15,2293.33,2346.67,2283.33,2283.33,2221.75,1611600
2025-05-16,2273.33,2310.0,2146.67,2236.67,2176.35,1818000
2025-05-19,2240.0,2296.67,2233.33,2296.67,2234.73,631200
2025-05-20,2283.33,2286.67,2203.33,2213.33,2153.64,759900
2025-05-21,2180.0,2226.67,2156.67,2200.0,2140.67,753300
2025-05-22,2180.0,2266.67,2180.0,2223.33,2163.37,594300
2025-05-23,2230.0,2246.67,2220.0,2233.33,2173.1,291000
2025-05-26,2256.67,2263.33,2230.0,2243.33,2182.83,350100
2025-05-27,2253.33,2266.67,2230.0,2263.33,2202.29,300900
2025-05-28,2273.33,2363.33,2146.67,2253.33,2192.56,2029800
2025-05-29,2243.33,2270.0,2236.67,2250.0,2189.32,318300
2025-05-30,2253.33,2290.0,2240.0,2270.0,2208.78,411300
2025-06-02,2260.0,2310.0,2253.33,2293.33,2231.48,389100
2025-06-03,2316.67,2320.0,2260.0,2263.33,2202.29,233700
2025-06-04,2260.0,2266.67,2216.67,2233.33,2173.1,318000
2025-06-05,2226.67,2240.0,2210.0,2213.33,2153.64,250500
2025-06-06,2236.67,2236.67,2186.67,2193.33,2134.18,239400
2025-06-09,2203.33,2210.0,2176.67,2193.33,2134.18,379200
2025-06-10,2180.0,2233.33,2176.67,2213.33,2153.64,381900
2025-06-11,2223.33,2240.0,2210.0,2240.0,2179.59,254400
2025-06-12,2246.67,2286.67,2246.67,2266.67,2205.54,348300
2025-06-13,2250.0,2263.33,2203.33,2206.67,2147.16,363600
2025-06-16,2203.33,2233.33,2193.33,2230.0,2169.86,312900
2025-06-17,2230.0,2283.33,2226.67,2263.33,2202.29,240900
2025-06-18,2266.67,2330.0,2263.33,2306.67,2244.46,541200
2025-06-19,2296.67,2306.67,2276.67,2286.67,2225.0,168000
2025-06-20,2283.33,2310.0,2273.33,2283.33,2221.75,273000
2025-06-23,2263.33,2283.33,2233.33,2253.33,2192.56,254700
2025-06-24,2273.33,2290.0,2263.33,2286.67,2225.0,129900
2025-06-25,2283.33,2310.0,2266.67,2296.67,2234.73,313200
2025-06-26,2313.33,2323.33,2256.67,2273.33,2212.02,545100
2025-06-27,2263.33,2290.0,2260.0,2280.0,2237.54,402000
2025-06-30,2276.67,2280.0,2230.0,2240.0,2198.28,445800
2025-07-01,2243.33,2256.67,2213.33,2233.33,2191.74,406500
2025-07-02,2243.33,2266.67,2200.0,2216.67,2175.39,372900
2025-07-03,2210.0,2216.67,2166.67,2196.67,2155.76,408000
2025-07-04,2210.0,2220.0,2196.67,2203.33,2162.3,174900
2025-07-07,2203.33,2236.67,2203.33,2236.67,2195.01,262800
2025-07-08,2233.33,2240.0,2200.0,2203.33,2162.3,406500
2025-07-09,2193.33,2210.0,2180.0,2196.67,2155.76,330900
2025-07-10,2186.67,2190.0,2166.67,2176.67,2136.13,307500
2025-07-11,2183.33,2213.33,2160.0,2166.67,2126.32,399300
2025-07-14,2166.67,2180.0,2140.0,2166.67,2126.32,357900
2025-07-15,2183.33,2186.67,2140.0,2140.0,2100.15,276900
2025-07-16,2133.33,2150.0,2116.67,2130.0,2090.33,643500
2025-07-17,2133.33,2183.33,2130.0,2163.33,2123.05,512400
2025-07-18,2186.67,2193.33,2140.0,2146.67,2106.69,272100
2025-07-22,2126.67,2143.33,2093.33,2093.33,2054.35,519000
2025-07-23,2083.33,2093.33,2026.67,2043.33,2005.28,690900
2025-07-24,2033.33,2070.0,2023.33,2053.33,2015.09,517500
2025-07-25,2073.33,2090.0,2046.67,2050.0,2011.82,561900
2025-07-28,2050.0,2053.33,2023.33,2043.33,2005.28,447300
2025-07-29,2030.0,2086.67,2026.67,2066.67,2028.18,471900
2025-07-30,2073.33,2200.0,2063.33,2123.33,2083.79,2623800
2025-07-31,2116.67,2280.0,2113.33,2210.0,2168.84,1663800
2025-08-01,2220.0,2240.0,2190.0,2210.0,2168.84,450000
2025-08-04,2200.0,2283.33,2186.67,2283.33,2240.81,486900
2025-08-05,2316.67,2350.0,2230.0,2240.0,2198.28,557400
2025-08-06,2226.67,2243.33,2203.33,2243.33,2201.56,252300
2025-08-07,2246.67,2283.33,2226.67,2263.33,2221.18,410700
2025-08-08,2240.0,2256.67,2213.33,2240.0,2198.28,365400
2025-08-12,2236.67,2280.0,2236.67,2276.67,2234.27,495900
2025-08-13,2276.67,2333.33,2263.33,2293.33,2250.62,864300
2025-08-14,2273.33,2280.0,2203.33,2243.33,2201.56,588600
2025-08-15,2230.0,2233.33,2170.0,2176.67,2136.13,523800
2025-08-18,2196.67,2210.0,2193.33,2206.67,2165.57,331200
2025-08-19,2206.67,2213.33,2190.0,2203.33,2162.3,206700
2025-08-20,2203.33,2203.33,2176.67,2193.33,2152.49,184500
2025-08-21,2200.0,2203.33,2176.67,2193.33,2152.49,221700
2025-08-22,2193.33,2206.67,2183.33,2196.67,2155.76,226500
2025-08-25,2200.0,2203.33,2123.33,2130.0,2090.33,406200
2025-08-26,2130.0,2130.0,2100.0,2123.33,2083.79,273000
2025-08-27,2130.0,2150.0,2113.33,2116.67,2077.25,271500
2025-08-28,2113.33,2113.33,2066.67,2086.67,2047.81,370200
2025-08-29,2136.67,2293.33,2130.0,2203.33,2162.3,1859700
2025-09-01,2206.67,2246.67,2176.67,2186.67,2145.94,355800
2025-09-02,2186.67,2210.0,2153.33,2173.33,2132.86,249600
2025-09-03,2153.33,2173.33,2136.67,2156.67,2116.5,271500
2025-09-04,2160.0,2180.0,2133.33,2176.67,2136.13,262500
2025-09-05,2170.0,2186.67,2150.0,2176.67,2136.13,227400
2025-09-08,2200.0,2203.33,2166.67,2193.33,2152.49,187800
2025-09-09,2220.0,2226.67,2193.33,2203.33,2162.3,231900
2025-09-10,2203.33,2240.0,2200.0,2230.0,2188.47,216000
2025-09-11,2230.0,2253.33,2196.67,2226.67,2185.2,269700
2025-09-12,2226.67,2233.33,2203.33,2203.33,2162.3,255600
2025-09-16,2203.33,2223.33,2196.67,2200.0,2159.03,139500
2025-09-17,2193.33,2203.33,2176.67,2183.33,2142.67,135300
2025-09-18,2266.67,2323.33,2253.33,2290.0,2247.35,802200
2025-09-19,2283.33,2286.67,2240.0,2246.67,2204.83,384900
2025-09-22,2226.67,2250.0,2220.0,2230.0,2188.47,174900
2025-09-24,2216.67,2230.0,2196.67,2210.0,2168.84,213000
2025-09-25,2190.0,2216.67,2190.0,2213.33,2172.11,231300
2025-09-26,2220.0,2230.0,2196.67,2206.67,2165.57,290400
2025-09-29,2196.67,2206.67,2150.0,2153.33,2113.23,252900
2025-09-30,2166.67,2183.33,2153.33,2163.33,2123.05,203100
2025-10-01,2153.33,2163.33,2106.67,2120.0,2080.52,353100
2025-10-02,2133.33,2150.0,2116.67,2126.67,2087.06,264000
2025-10-03,2123.33,2180.0,2116.67,2160.0,2119.77,264900
2025-10-06,2183.33,2240.0,2180.0,2203.33,2162.3,565800
2025-10-07,2206.67,2243.33,2186.67,2233.33,2191.74,302700
2025-10-08,2240.0,2286.67,2230.0,2276.67,2234.27,303000
2025-10-09,2333.33,2343.33,2250.0,2293.33,2250.62,459900
2025-10-10,2263.33,2300.0,2256.67,2286.67,2244.08,348300
2025-10-14,2263.33,2293.33,2206.67,2216.67,2175.39,360900
2025-10-15,2216.67,2243.33,2203.33,2216.67,2175.39,324900
2025-10-16,2233.33,2250.0,2203.33,2206.67,2165.57,292200
2025-10-17,2200.0,2210.0,2176.67,2193.33,2152.49,282000
2025-10-20,2236.67,2243.33,2216.67,2230.0,2188.47,324000
2025-10-21,2223.33,2270.0,2223.33,2243.33,2201.56,183000
2025-10-22,2300.0,2320.0,2266.67,2320.0,2276.79,753600
2025-10-23,2313.33,2353.33,2296.67,2343.33,2299.69,448200
2025-10-24,2326.67,2336.67,2310.0,2320.0,2276.79,244800
2025-10-27,2370.0,2403.33,2353.33,2370.0,2325.86,655800
2025-10-28,2383.33,2383.33,2300.0,2323.33,2280.07,406500
2025-10-29,2296.67,2393.33,2240.0,2380.0,2335.68,1002300
2025-10-30,2376.67,2416.67,2366.67,2406.67,2361.85,713700
2025-10-31,2440.0,2556.67,2420.0,2546.67,2499.24,906900
2025-11-04,2516.67,2556.67,2496.67,2506.67,2459.98,676500
2025-11-05,2476.67,2523.33,2453.33,2500.0,2453.44,456600
2025-11-06,2480.0,2530.0,2476.67,2523.33,2476.34,559800
2025-11-07,2536.67,2560.0,2513.33,2536.67,2489.43,484500
2025-11-10,2550.0,2580.0,2526.67,2570.0,2522.14,636600
2025-11-11,2583.33,2596.67,2556.67,2566.67,2518.87,623100
2025-11-12,2570.0,2670.0,2570.0,2606.67,2558.12,783000
2025-11-13,2626.67,2626.67,2586.67,2596.67,2548.31,464700
2025-11-14,2600.0,2626.67,2586.67,2596.67,2548.31,440100
2025-11-17,2623.33,2673.33,2603.33,2670.0,2620.28,555300
2025-11-18,2656.67,2663.33,2593.33,2593.33,2545.04,407700
2025-11-19,2590.0,2626.67,2560.0,2616.67,2567.94,346800
2025-11-20,2623.33,2633.33,2603.33,2610.0,2561.39,439800
2025-11-21,2610.0,2693.33,2606.67,2693.33,2643.18,551700
2025-11-25,2693.33,2710.0,2650.0,2676.67,2626.82,530100
2025-11-26,2680.0,2683.33,2573.33,2610.0,2561.39,435600
2025-11-27,2616.67,2650.0,2600.0,2633.33,2584.29,279000
2025-11-28,2666.67,2673.33,2630.0,2633.33,2584.29,241200
2025-12-01,2616.67,2630.0,2566.67,2586.67,2538.5,306300
2025-12-02,2600.0,2603.33,2563.33,2563.33,2515.6,359700
2025-12-03,2553.33,2566.67,2533.33,2550.0,2502.51,201300
2025-12-04,2576.67,2616.67,2556.67,2560.0,2512.33,345600
2025-12-05,2583.33,2590.0,2543.33,2560.0,2512.33,366300
2025-12-08,2573.33,2606.67,2560.0,2573.33,2525.41,324300
2025-12-09,2560.0,2583.33,2550.0,2566.67,2518.87,255000
2025-12-10,2603.33,2630.0,2580.0,2616.67,2567.94,302400
2025-12-11,2630.0,2643.33,2606.67,2630.0,2581.02,254700
2025-12-12,2650.0,2656.67,2606.67,2630.0,2581.02,307800
2025-12-15,2580.0,2613.33,2570.0,2613.33,2564.67,207000
2025-12-16,2583.33,2600.0,2563.33,2566.67,2518.87,230400
2025-12-17,2553.33,2570.0,2543.33,2563.33,2515.6,247500
2025-12-18,2563.33,2590.0,2556.67,2583.33,2535.22,173700
2025-12-19,2593.33,2606.67,2560.0,2566.67,2518.87,372300
2025-12-22,2566.67,2566.67,2506.67,2523.33,2476.34,320100
2025-12-23,2506.67,2533.33,2503.33,2530.0,2482.88,250500
2025-12-24,2533.33,2533.33,2493.33,2510.0,2463.26,205500
2025-12-25,2510.0,2520.0,2493.33,2520.0,2473.07,113700
2025-12-26,2550.0,2560.0,2533.33,2560.0,2512.33,153300
2025-12-29,2532.0,2880.0,2478.0,2741.0,2710.42,758400
2025-12-30,2691.0,2751.0,2603.0,2738.0,2707.46,838100
2026-01-05,2749.0,2774.0,2622.0,2673.0,2643.18,664300
2026-01-06,2708.0,2710.0,2674.0,2698.0,2667.9,343600
2026-01-07,2676.0,2757.0,2675.0,2693.0,2662.96,350300
2026-01-08,2743.0,2776.0,2739.0,2752.0,2721.3,358800
2026-01-09,2745.0,2754.0,2694.0,2717.0,2686.69,246800
2026-01-13,2760.0,2761.0,2700.0,2711.0,2680.76,255500
2026-01-14,2717.0,2732.0,2483.0,2515.0,2486.94,1396300
2026-01-15,2513.0,2564.0,2492.0,2555.0,2526.5,604800
2026-01-16,2560.0,2576.0,2517.0,2570.0,2541.33,304300
2026-01-19,2570.0,2602.0,2559.0,2574.0,2545.29,239000
2026-01-20,2545.0,2563.0,2495.0,2512.0,2483.98,433800
2026-01-21,2485.0,2535.0,2483.0,2520.0,2491.89,400300
2026-01-22,2530.0,2592.0,2525.0,2576.0,2547.26,404200
2026-01-23,2599.0,2635.0,2582.0,2594.0,2565.06,313500
2026-01-26,2554.0,2578.0,2536.0,2550.0,2521.55,339700
2026-01-27,2537.0,2568.0,2509.0,2529.0,2500.79,310700
2026-01-28,2479.0,2515.0,2469.0,2498.0,2470.13,283200
2026-01-29,2470.0,2479.0,2402.0,2431.0,2403.88,403400
2026-01-30,2440.0,2452.0,2420.0,2436.0,2408.83,350700
2026-02-02,2440.0,2453.0,2408.0,2410.0,2383.12,284700
2026-02-03,2393.0,2426.0,2386.0,2401.0,2374.22,370600
2026-02-04,2313.0,2363.0,2154.0,2166.0,2141.84,1055700
2026-02-05,2187.0,2251.0,2163.0,2202.0,2177.44,706300
2026-02-06,2156.0,2156.0,2094.0,2105.0,2081.52,610500
2026-02-09,2111.0,2140.0,2086.0,2137.0,2113.16,659200
2026-02-10,2160.0,2214.0,2158.0,2193.0,2168.54,443900
2026-02-12,2108.0,2159.0,2041.0,2049.0,2026.14,750500
2026-02-13,1847.0,1935.0,1810.0,1825.0,1804.64,1578000
2026-02-16,1800.0,1869.0,1767.0,1848.0,1827.39,2325000
2026-02-17,1793.0,1822.0,1769.0,1783.0,1763.11,899600
2026-02-18,1767.0,1850.0,1762.0,1842.0,1821.45,1121000
2026-02-19,1839.0,1862.0,1816.0,1844.0,1823.43,625200
2026-02-20,1829.0,1829.0,1796.0,1814.0,1793.76,800600
2026-02-24,1762.0,1779.0,1728.0,1779.0,1759.15,706000
2026-02-25,1810.0,1829.0,1783.0,1800.0,1779.92,487400
2026-02-26,1890.0,1953.0,1890.0,1934.0,1912.43,901200
2026-02-27,1960.0,1978.0,1936.0,1970.0,1948.02,650200
2026-03-02,1972.0,1992.0,1934.0,1935.0,1913.41,546100
2026-03-03,1950.0,1955.0,1885.0,1897.0,1875.84,747100
2026-03-04,1905.0,1913.0,1879.0,1898.0,1876.83,850700
2026-03-05,1938.0,1954.0,1895.0,1895.0,1873.86,558000
2026-03-06,1911.0,1958.0,1898.0,1934.0,1912.43,386200
2026-03-09,1893.0,1948.0,1889.0,1941.0,1919.35,648100
2026-03-10,1932.0,1965.0,1929.0,1950.0,1928.25,408500
2026-03-11,1941.0,1953.0,1924.0,1924.0,1902.54,425100
2026-03-12,1907.0,1940.0,1892.0,1930.0,1908.47,378800
2026-03-13,1922.0,1945.0,1917.0,1930.0,1908.47,405300
2026-03-16,1925.0,1952.0,1916.0,1938.0,1916.38,390800
2026-03-17,1958.0,1961.0,1933.0,1933.0,1911.44,255900
2026-03-18,1940.0,1960.0,1931.0,1955.0,1933.19,254000
2026-03-19,1953.0,1964.0,1907.0,1909.0,1887.7,367800
2026-03-23,1890.0,1923.0,1877.0,1913.0,1891.66,488500
2026-03-24,1953.0,1972.0,1943.0,1961.0,1939.12,429100
2026-03-25,1934.0,1982.0,1931.0,1960.0,1938.14,487600
2026-03-26,1959.0,1966.0,1932.0,1951.0,1929.24,415100
2026-03-27,1970.0,1996.0,1963.0,1987.0,1964.83,401700
2026-03-30,1932.0,1953.0,1909.0,1950.0,1928.25,426900
2026-03-31,1980.0,1995.0,1961.0,1970.0,1948.02,432800
2026-04-01,2010.0,2022.0,1995.0,2022.0,1999.44,362500
2026-04-02,2000.0,2018.0,1983.0,2003.0,1980.66,321800
2026-04-03,2011.0,2027.0,2010.0,2010.0,1987.58,202200
2026-04-06,2034.0,2050.0,2023.0,2040.0,2017.24,243400
2026-04-07,2040.0,2062.0,2037.0,2047.0,2024.17,187000
2026-04-08,2077.0,2081.0,2055.0,2073.0,2049.88,329000
2026-04-09,2068.0,2072.0,2045.0,2052.0,2029.11,264100
2026-04-10,2035.0,2053.0,2008.0,2012.0,1989.56,346000
2026-04-13,1994.0,2127.0,1994.0,2097.0,2073.61,723200
2026-04-14,2183.0,2187.0,2136.0,2136.0,2112.17,492400
2026-04-15,2153.0,2186.0,2143.0,2180.0,2155.68,348600
2026-04-16,2250.0,2252.0,2180.0,2180.0,2155.68,347200
2026-04-17,2200.0,2221.0,2187.0,2195.0,2170.51,351700
2026-04-20,2194.0,2200.0,2175.0,2182.0,2157.66,265000
2026-04-21,2210.0,2216.0,2189.0,2203.0,2178.43,371100
2026-04-22,2230.0,2250.0,2200.0,2227.0,2202.16,428600
2026-04-23,2200.0,2221.0,2179.0,2183.0,2158.65,425700
2026-04-24,2179.0,2207.0,2175.0,2190.0,2165.57,373800
2026-04-27,2190.0,2190.0,2137.0,2142.0,2118.11,430300
2026-04-28,2169.0,2172.0,2131.0,2143.0,2119.09,638300
2026-04-30,2155.0,2213.0,2100.0,2199.0,2174.47,797800
2026-05-01,2184.0,2196.0,2144.0,2167.0,2142.83,384600
2026-05-07,2170.0,2197.0,2122.0,2137.0,2113.16,494600
2026-05-08,2177.0,2187.0,2134.0,2153.0,2128.98,359600
2026-05-11,2180.0,2191.0,2163.0,2167.0,2142.83,312700
2026-05-12,2151.0,2178.0,2128.0,2137.0,2113.16,410600
2026-05-13,2137.0,2182.0,2137.0,2159.0,2134.92,357200
2026-05-14,2152.0,2163.0,2090.0,2116.0,2092.4,367300
2026-05-15,2126.0,2133.0,2100.0,2118.0,2094.37,408700
2026-05-18,2150.0,2158.0,2128.0,2129.0,2105.25,387500
2026-05-19,2168.0,2201.0,2151.0,2167.0,2142.83,391300
2026-05-20,2192.0,2194.0,2121.0,2142.0,2118.11,307300
2026-05-21,2141.0,2164.0,2127.0,2136.0,2112.17,260800
2026-05-22,2132.0,2139.0,2105.0,2129.0,2105.25,245200
2026-05-25,2132.0,2137.0,2093.0,2115.0,2091.41,285100
2026-05-26,2121.0,2126.0,2085.0,2095.0,2071.63,327900
2026-05-27,2095.0,2121.0,2093.0,2099.0,2075.59,289100
2026-05-28,2092.0,2103.0,2064.0,2070.0,2046.91,357000
2026-05-29,2072.0,2142.0,2072.0,2098.0,2074.6,659500
2026-06-01,2148.0,2212.0,2146.0,2186.0,2161.61,724600
2026-06-02,2212.0,2219.0,2181.0,2208.0,2183.37,312700
2026-06-03,2185.0,2186.0,2110.0,2124.0,2100.31,374400
2026-06-04,2107.0,2139.0,2078.0,2127.0,2103.27,503800
2026-06-05,2140.0,2182.0,2140.0,2158.0,2133.93,311000
2026-06-08,2152.0,2164.0,2088.0,2088.0,2064.71,363300
2026-06-09,2090.0,2138.0,2080.0,2102.0,2078.55,467900
2026-06-10,2113.0,2128.0,2094.0,2106.0,2082.51,492700
2026-06-11,2132.0,2133.0,2080.0,2087.0,2063.72,387900
2026-06-12,2062.0,2069.0,2020.0,2020.0,1997.47,578300
2026-06-15,2031.0,2052.0,2022.0,2027.0,2004.39,424100
2026-06-16,2022.0,2027.0,1999.0,2017.0,1994.5,302400
2026-06-17,2017.0,2024.0,1994.0,2000.0,1977.69,251100
2026-06-18,2002.0,2044.0,2002.0,2037.0,2014.28,239400
2026-06-19,2033.0,2034.0,1982.0,1992.0,1969.78,438000
2026-06-22,2010.0,2043.0,1982.0,1986.0,1963.85,278200
2026-06-23,1986.0,2007.0,1961.0,1989.0,1966.81,294600
2026-06-24,2000.0,2029.0,2000.0,2009.0,1986.59,283400
2026-06-25,2017.0,2021.0,1990.0,1993.0,1970.77,204200
2026-06-26,2004.0,2029.0,1997.0,2017.0,1994.5,223400
2026-06-29,2021.0,2070.0,2006.0,2056.0,2056.0,375300
2026-06-30,2055.0,2174.0,2040.0,2141.0,2141.0,703400
2026-07-01,2141.0,2184.0,2134.0,2134.0,2134.0,594000
2026-07-02,2213.0,2394.0,2189.0,2365.0,2365.0,1001600
2026-07-03,2711.0,2760.0,2636.0,2732.0,2732.0,2677900
2026-07-06,2715.0,2724.0,2650.0,2699.0,2699.0,919500
2026-07-07,2720.0,2739.0,2656.0,2693.0,2693.0,1464200
2026-07-08,2719.0,2730.0,2684.0,2693.0,2693.0,820200
2026-07-09,2690.0,2733.0,2686.0,2700.0,2700.0,662200
2026-07-10,2720.0,2740.0,2702.0,2702.0,2702.0,502300
2026-07-13,2712.0,2713.0,2674.0,2678.0,2678.0,434600
2026-07-14,2711.0,2722.0,2681.0,2706.0,2706.0,409700
2026-07-15,2712.0,2715.0,2690.0,2699.0,2699.0,341700
2026-07-16,2714.0,2724.0,2681.0,2700.0,2700.0,505300
2026-07-17,2700.0,2715.0,2692.0,2693.0,2693.0,559500
2026-07-21,2693.0,2714.0,2663.0,2670.0,2670.0,489100
2026-07-22,2666.0,2678.0,2649.0,2666.0,2666.0,480700
2026-07-23,2670.0,2678.0,2634.0,2644.0,2644.0,473800
2026-07-24,2636.0,2679.0,2636.0,2658.0,2658.0,303800
2026-07-27,2688.0,2721.0,2688.0,2710.0,2710.0,538900
2026-07-28,2720.0,2729.0,2699.0,2708.0,2708.0,639600
2026-07-29,2726.0,2754.0,2701.0,2733.0,2733.0,681200
2026-07-30,2661.0,2714.0,2658.0,2714.0,2714.0,2435200
2026-07-31,2690.0,2708.0,2672.0,2687.0,2687.0,554600
2026-08-03,2694.0,2722.0,2657.0,2700.0,2700.0,629700
2026-08-04,2706.0,2710.0,2662.0,2669.0,2669.0,508400
2026-08-05,2701.0,2716.0,2678.0,2692.0,2692.0,465800
2026-08-06,2706.0,2713.0,2682.0,2689.0,2689.0,367600
2026-08-07,2685.0,2697.0,2668.0,2695.0,2695.0,338800
2026-08-10,2686.0,2711.0,2670.0,2695.0,2695.0,506900
2026-08-12,2702.0,2708.0,2680.0,2698.0,2698.0,309500
2026-08-13,2693.0,2697.0,2676.0,2689.0,2689.0,217300
2026-08-14,2687.0,2710.0,2682.0,2694.0,2694.0,215600
2026-08-17,2680.0,2685.0,2651.0,2656.0,2656.0,345100
2026-08-18,2746.0,2770.0,2724.0,2749.0,2749.0,811000
2026-08-19,2753.0,2757.0,2703.0,2705.0,2705.0,539200
2026-08-20,2710.0,2748.0,2707.0,2745.0,2745.0,354900
2026-08-21,2740.0,2752.0,2732.0,2752.0,2752.0,235400
2026-08-24,2752.0,2761.0,2726.0,2729.0,2729.0,208000
2026-08-25,2730.0,2730.0,2710.0,2726.0,2726.0,181800
2026-08-26,2726.0,2738.0,2711.0,2711.0,2711.0,158900
2026-08-27,2712.0,2754.0,2709.0,2739.0,2739.0,229600
2026-08-28,2900.0,2930.0,2881.0,2908.0,2908.0,5951100
2026-08-31,2870.0,2870.0,2845.0,2853.0,2853.0,3076900
2026-09-01,2853.0,2857.0,2851.0,2853.0,2853.0,1547000
2026-09-02,2853.0,2855.0,2852.0,2853.0,2853.0,2445100
2026-09-03,2852.0,2854.0,2852.0,2853.0,2853.0,1414700
2026-09-04,2853.0,2854.0,2850.0,2851.0,2851.0,2666300
2026-09-07,2851.0,2853.0,2851.0,2852.0,2852.0,1124200
2026-09-08,2852.0,2857.0,2852.0,2853.0,2853.0,1094200
2026-09-09,2853.0,2856.0,2853.0,2854.0,2854.0,949500
2026-09-10,2855.0,2859.0,2854.0,2859.0,2859.0,856800
2026-09-11,2859.0,2862.0,2856.0,2859.0,2859.0,811700
2026-09-14,2862.0,2864.0,2858.0,2864.0,2864.0,657500
2026-09-15,2870.0,2871.0,2861.0,2864.0,2864.0,664700
2026-09-16,2866.0,2868.0,2858.0,2861.0,2861.0,669700
2026-09-17,2859.0,2865.0,2859.0,2864.0,2864.0,462300
2026-09-18,2865.0,2870.0,2861.0,2870.0,2870.0,706900
2026-09-24,2866.0,2868.0,2860.0,2861.0,2861.0,488800
2026-09-25,2862.0,2867.0,2859.0,2860.0,2860.0,559300
2026-09-28,2862.0,2864.0,2860.0,2863.0,2863.0,584600
