date,rank,code,name,score
2026-09-27,1,5801,古河電気工業,81.8
2026-09-27,2,6857,アドバンテスト,76.6
2026-09-27,3,5713,住友金属鉱山,76.5
2026-09-27,4,8015,豊田通商,74.8
2026-09-27,5,7272,ヤマハ発動機,73.9
2026-09-27,6,6098,リクルートHD,72.6
2026-09-27,7,8309,三井住友トラストG,72.4
2026-09-27,8,8750,第一生命HD,72.1
2026-09-27,9,9104,商船三井,71.6
2026-09-27,10,5019,出光興産,71.0
2026-09-28,1,5801,古河電気工業,81.3
2026-09-28,2,5713,住友金属鉱山,77.4
2026-09-28,3,6857,アドバンテスト,76.8
2026-09-28,4,8015,豊田通商,75.1
2026-09-28,5,7272,ヤマハ発動機,74.0
2026-09-28,6,8750,第一生命HD,73.4
2026-09-28,7,8309,三井住友トラストG,73.1
2026-09-28,8,6098,リクルートHD,71.9
2026-09-28,9,6723,ルネサスエレクトロニクス,71.1
2026-09-28,10,9104,商船三井,70.9
