code,name,price,revenue_oku,market_cap_oku,chg_1d,ret_1m,ret_3m,ret_12m,mom_12_1,trend,rsi14,rev_growth,eps_growth,upside,fwd_pe,fwd_pe_inv,roe,score
5801,古河電気工業,4113.0,13790.66052608,28934.80984576,0.06664937759336098,0.056876291661342115,-0.0665336408309084,3.7056686892491175,3.4524309291223734,0.2563041391468801,57.329831873316564,0.243,3.319,0.4928276197422805,13.869032,0.07210308549291687,0.22573,83.1
5713,住友金属鉱山,9770.0,19020.96023552,26231.25061632,-0.014226616890323895,-0.1429669652917418,0.31838037020015575,1.359238632589205,1.7527977768001803,0.11462317641996567,51.35871531655923,0.423,2.257,0.21596724667349032,24.026756,0.04162026700566652,0.11684,79.8
8035,東京エレクトロン,12580.0,26263.35014912,285752.70961152,0.06474820143884896,0.15810069587162667,-0.12824630788160374,1.6081011176922555,1.2520503847286855,0.30735848494519,72.48076202039933,0.333,0.404,0.2217460254372019,9.82659,0.1017647016920417,0.30929002,76.7
6857,アドバンテスト,37610.0,12323.06962432,271526.51124736,0.09778166958552248,0.06634533597958603,0.1771517996870109,1.5971660258942157,1.4355768607628026,0.37785922526526505,65.82758475850824,0.393,0.953,0.13495652751927678,158.20468,0.006320925525085604,0.56895,76.0
8015,豊田通商,7253.0,125382.3217664,68009.96827136,0.003736507057846561,-0.0373301523756665,0.22641939702098735,0.8430662995541831,0.9145362287002992,0.14031716621123347,48.562090389608834,0.376,0.401,0.18278643320005505,20.613897,0.048510963259397286,0.16057,75.2
8750,第一生命HD,1818.0,114758.10779136,65487.8441472,-0.031175059952038398,0.0050520326566112495,0.06515867142678444,0.6206001410253061,0.6124539709070016,0.16367334169092174,46.67246462864459,0.28,2.783,0.0979097909790978,4.9151077,0.20345434139723936,0.13575,74.1
7272,ヤマハ発動機,1803.5,27543.7191168,17507.11795712,0.0002773155851358844,-0.06287347362951412,0.47344771241830075,0.6717130183018316,0.7838711969625034,0.37935321207718875,51.48730048405184,0.178,2.241,-0.037981702245633464,9.529722,0.10493485539242384,0.07716,72.8
8309,三井住友トラストG,1778.5,17312.350208,48978.83815936,-0.0030829596412556004,0.007071042347316814,0.19764319609203995,0.7602193527848446,0.7478601595792718,0.25696383470154527,56.70874700771331,0.273,0.598,0.0014525723924656564,4.7887664,0.20882204652956135,0.10779,72.5
6723,ルネサスエレクトロニクス,3616.0,14856.43055104,66082.01449472,0.039976991659476546,0.05823822066139894,-0.2482328482328482,1.0820881475293018,0.9675042035695864,0.11206719864171277,59.34045713528106,0.285,,0.4348621128318584,12.870752,0.07769553791417938,0.13953,71.6
6098,リクルートHD,16755.0,38638.62050816,232705.10297088,-0.0023816612086930977,-0.0579631127356105,0.48457329134873706,1.0501993603881599,1.1763472196314924,0.6273500443613758,55.24544620730039,0.189,0.737,0.06721874067442557,55.364635,0.01806207157330668,0.36222,70.2
9104,商船三井,7053.0,21233.80948992,24235.52999424,-0.005218617771509115,0.008096924408210304,0.3667282888665042,0.544029643739588,0.5316281662559279,0.24073115684260205,55.860466955714095,0.689,0.162,0.09328073160357286,12.534879,0.07977739553768329,0.07892,69.8
5803,フジクラ,5368.0,13164.5898752,88878.00430592,0.027565084226646164,0.009111284859875779,-0.08434083351684829,1.4039046166918823,1.3821997164819004,0.17907897311375764,57.47705722690609,,,0.36953548807749637,17.725533,0.056415792969384905,0.38956,69.7
5802,住友電気工業,2369.0,52923.26125568,73905.17264384,0.022001725625539148,0.09616405660807903,-0.17442119270207634,1.3229265440993228,1.1191413183965206,0.027311542443071213,62.62278160945973,0.159,0.891,0.45515943436048967,10.718002,0.09330097158033746,0.15776,69.1
5019,出光興産,1527.5,85419.17151232,18308.80411648,-0.03961018547626538,0.11936474676605391,0.2798703895575223,0.5475087095657778,0.38248833906612734,0.1364391458755556,49.65241657140814,0.233,40.957,0.010989067103109651,11.608026,0.08614729153776877,0.22516,68.8
8316,三井住友FG,3383.0,47159.49064192,256523.17126656,-0.025352924229328777,0.006206459711093348,0.09470947921150841,0.7605556013655239,0.7496961825021704,0.16593184335589228,51.94462565855363,0.248,0.35,0.1168587939698491,10.644725,0.09394324418902321,0.08569,68.5
8411,みずほFG,8611.0,47398.90151424,208438.53774848,-0.027555053642010163,0.023453745974161277,0.13500108992832227,0.8714688289768238,0.8285817374145132,0.2007653648430756,52.849946844061485,0.35,0.497,0.08560933689466976,25.580013,0.039093021571177465,0.124919996,67.6
6273,SMC,73420.0,9133.47969024,45871.19443968,0.018025513033832485,0.051908852534909844,0.04966911346265723,0.6316236815096186,0.5511074724560983,0.09505590620626458,63.38354916726687,0.354,0.979,0.20067883410514842,22.362873,0.04471697353018997,0.09846,67.2
6981,村田製作所,8513.0,19169.6601088,154312.8481792,0.08432046873009802,0.15592662694463066,-0.20387438195620344,2.290330823619555,1.846487611689183,0.4257475764383807,63.00812201407386,0.207,0.665,0.22329249383296124,35.878956,0.02787149102108768,0.10063,67.1
6762,TDK,3200.0,27100.71934976,60740.93010944,0.07346528010734654,0.03528460216358309,-0.10331038088306332,0.5172439020042316,0.46553314792225153,0.17433492306837484,64.6448157217786,0.383,0.943,0.29931640625,29.94012,0.0333999997328,0.1163,67.0
5020,ENEOS HD,1347.5,123033.27035392,35795.43289856,-0.027426921688920913,0.030006908564716772,0.1364410363732127,0.5218965857516176,0.47755959022870464,0.048763741209227884,45.985864506960716,0.187,,0.2232529870129869,13.546798,0.07381818197923967,0.19527,66.4
8591,オリックス,5911.0,34604.85873664,61473.58588928,-0.010048568079048747,-0.032444063963710024,-0.01983339546214602,0.5911246215309522,0.6444781766821532,0.09107030773583213,43.109681019034475,0.174,1.706,0.18423278633057016,15.905176,0.06287261455013135,0.14035,66.2
8604,野村HD,1548.5,23311.12112128,45256.33568768,-0.001611863313990991,-0.056942752740560265,0.09434628975265014,0.47528707787300584,0.5643664074055381,0.11150725222988322,43.0785904719466,0.312,0.42,0.14488679367129476,17.025839,0.05873425679639047,0.11158,66.1
8601,大和証券G,1802.5,9581.7302016,25028.95075328,-0.0035931453841901995,-0.032474503488996276,0.13471828769279193,0.5680900605122741,0.6207222095613683,0.1357833595266278,47.01457239699525,0.572,0.826,0.01446402219140075,18.314367,0.05460194174333188,0.10955,65.8
8053,住友商事,1751.5,74986.9989888,82792.10590208,-0.010451977401129908,-0.0023579840109312356,0.15583255167711574,0.6807036417169727,0.6846760809795209,0.1152501180495138,48.76032808663759,0.09,0.132,0.14590351127604917,3.951138,0.2530916409399014,0.13605,64.6
6701,NEC,4820.0,36868.49052672,63929.78604032,0.0128178188695105,-0.013801874417428972,0.19601202511036897,0.05048485913949152,0.0651864284561936,0.05976533854386634,54.41572785472063,0.145,1.586,0.3014682572614109,6.704128,0.14916182984573087,0.1416,64.4
6861,キーエンス,81200.0,12548.34044928,196930.41614848,0.008946322067594492,-0.01765584420862487,0.04213907226400648,0.443470050003288,0.4694137909747429,0.18180091829567613,59.462801192903754,0.328,0.51,0.20525448275862068,43.48315,0.022997413940802357,,63.9
2768,双日,5607.0,29926.98032128,11665.93753088,-0.011459802538786978,0.01181829956974223,0.09024631793439175,0.47971196278123274,0.4624285441471596,0.008361978228185185,49.524258975200546,0.393,0.443,0.14729035134653112,10.606663,0.09428035943067109,0.10727999,63.2
6724,セイコーエプソン,3282.0,14596.12942336,10516.43871232,0.0024434941967013124,0.03262875854537395,0.24526862059379617,0.7355824647075593,0.680741941714281,0.3473783819467282,64.06681361684446,0.144,0.963,-0.15828762949421082,16.250742,0.061535651725933505,0.0297,63.1
6326,クボタ,2721.0,32542.38052352,30649.13723392,-0.015379048308304721,-0.03732531399257033,0.006286982248520756,0.48967861191108963,0.5474371909469662,0.026418862520210196,44.593367603279404,0.186,0.983,0.204436861447997,13.824814,0.0723337037301189,0.10014,63.1
7182,ゆうちょ銀行,3441.0,19454.55951872,122567.93329664,-0.017418617932609903,0.03178410794602704,0.11793372319688111,0.948952732523815,0.8889152464303758,0.2030726554881741,58.01755808936082,0.3,0.702,0.04678872420807911,29.352554,0.03406858565016182,0.06572,63.0
5401,日本製鉄,650.0,108756.6249984,33970.91065856,-0.009146341463414642,-0.02270878775640295,0.21154770053829997,0.157133304807749,0.18402098607976103,0.08016970543645563,44.10843743137691,0.404,,0.1264956923076923,1.1649164,0.8584306994046954,0.05505,62.9
4578,大塚HD,11465.0,26205.159424,60146.49237504,-0.01035822183858437,-0.05792933442892356,0.05087076076993591,0.4259427186939999,0.5136260694728287,0.07842642456028215,48.45480171165874,0.174,0.329,0.3025148713475796,22.082901,0.045283905407174536,0.13420999,62.5
8306,三菱UFJ FG,3586.0,72604.59237376,403631.7151232,-0.03081081081081083,-0.0068717892338475695,0.1313805907062493,0.6465080189080574,0.6579007635256404,0.18768849046095326,48.95111935735385,0.288,0.509,0.032804378137200274,23.641878,0.04229782422530055,0.09458999,62.3
4062,イビデン,11995.0,4419.56007936,67449.2841984,0.08748866727107885,0.1906965201619666,0.013599263183789123,5.065520158743072,4.094094134009898,0.7024690337532273,64.27424325957708,0.264,0.417,0.029840850354314385,38.823795,0.025757399553546997,0.12655,62.1
8031,三井物産,4916.0,150428.44033024,139719.6587008,-0.0028397565922920753,0.0013065361317361468,0.10469873711948785,0.39221407198535707,0.3903974674566506,-0.04192585011603611,47.78421784402004,0.317,0.556,0.26305258340113924,16.729624,0.05977420652131811,0.11378,61.3
7012,川崎重工業,2352.0,23664.02985984,20537.60221184,-0.005286529921759375,-0.09578163734448031,-0.18454022828457128,0.3318930218234568,0.47297718873120065,-0.16627455995640616,38.41198221520193,0.113,2.69,0.5366860544217689,4.122555,0.24256801910465717,0.14437,60.7
7013,IHI,2711.5,16801.59014912,28746.2916096,0.007056638811513416,-0.015624167688521706,0.017862978827453135,0.2421283139570647,0.2618435694833554,-0.11879404554887618,48.10859052278772,0.109,3.611,0.3078972893232528,4.6882567,0.21329890063400325,0.3344,60.4
8630,SOMPO HD,6620.0,61511.08820992,58705.14601984,-0.012235153685467015,-0.020955518978944987,0.08098230005659346,0.4700573785760771,0.5015225631453843,0.10296227960663984,45.955482267630344,0.326,0.594,0.07757483383685804,24.251749,0.04123413944289132,0.1443,60.1
9766,コナミグループ,22140.0,5262.37007872,30012.20595712,0.03457943925233642,-0.0010358288931224813,0.2413230319010189,0.02941376790786454,0.0304811700776495,0.10432184374331643,60.736672225131954,0.336,0.642,0.21693500451671177,36.799416,0.027174344288507186,0.21156,60.0
9107,川崎汽船,3264.0,10602.88004096,19358.55583232,-0.01864101022248943,-0.017589609482628665,0.3594566543380844,0.5063706719013268,0.5333415509866706,0.27016344431270767,49.71410730787496,0.171,-0.211,-0.115140318627451,9.340927,0.10705575581524189,0.07565,59.9
2914,JT,6856.0,37192.0207872,121718.51333632,-0.018608645863154916,-0.013241220495106454,0.1377364752738135,0.5095819308873621,0.5298388646157224,0.13198262123870363,50.809453159353986,0.17,0.446,0.06270755542590423,22.769089,0.043919192375241715,0.14298001,59.3
9101,日本郵船,7139.0,25504.18898944,28809.87201536,-0.01012201885745978,0.02013565924736982,0.3963572795053112,0.3733524754714741,0.34624494597581124,0.2735663957826018,54.80265540713932,0.211,0.374,-0.07027973105476959,13.934106,0.07176635515762547,0.07705,59.1
7733,オリンパス,2008.5,10445.64017152,21347.39648512,-0.0029784065524943726,-0.0653792461610051,0.16502320185614838,0.10738920526457085,0.18485407125395215,0.1296323836243558,49.73092124733139,0.164,1.226,0.08768508837440869,15.986151,0.06255414452171758,0.105749995,58.9
6501,日立製作所,5510.0,110380.41833472,246052.552704,0.003825833485152197,-0.002143743374030782,0.23453005669472682,0.416255293631427,0.4192979041091369,0.09912986012152714,58.974930879702406,0.2,0.005,0.19782214156079858,30.932465,0.03232849370394503,,58.8
4503,アステラス製薬,2310.5,22743.65014016,41427.58363136,-0.004309416074121941,-0.008462603907138933,0.08265291495682625,0.48126105705396816,0.4939033695459758,0.028941510810646554,52.282838668933884,0.267,1.072,0.09469188487340419,30.4936,0.03279376656085211,0.21301001,58.7
6645,オムロン,6425.0,8107.34977024,12633.43894528,-0.0017091361093847235,-0.03135835971656864,0.13656465593490186,0.6366464320562994,0.6896304721913518,0.2309779706646402,57.609786477446896,0.108,0.562,0.08171206225680927,23.702364,0.04218988451953569,0.05131,58.7
6178,日本郵政,2509.0,114738.87690752,68605.91071232,-0.011231527093596094,0.043560096991345,0.17903391364933663,0.7399072573309822,0.6672803630066475,0.2366407295539943,55.35992458205859,0.064,0.978,0.06865284974093266,20.155848,0.0496133925995076,0.0512,58.4
6301,小松製作所,7594.0,42663.7000704,67398.95779328,-0.00510939342329364,0.020430776627760494,0.2174750452056493,0.5404862554361467,0.509643074983513,0.17569105909584648,61.33185106296038,0.147,0.082,-0.04553837239926262,13.670482,0.07315031028167113,0.11619,58.0
4188,三菱ケミカルG,1155.0,38275.82107648,15692.84554752,-0.016183986371379855,-0.010443836923031857,0.03640682157445818,0.3748079023382136,0.3893177099350553,0.11457080889504745,48.23288675412798,0.14,2.043,0.1263281385281385,12.667252,0.07894372039018407,0.01418,57.8
4911,資生堂,3408.0,9991.26007808,13619.19737856,-0.022094691535150646,-0.0950610727562401,0.295571184185516,0.39780719444977386,0.5446425746179133,0.15249775874743432,46.290031036389244,0.105,2.648,0.05332124413145545,27.488304,0.03637910872929811,-0.03079,57.8
8308,りそなHD,2473.5,11656.66942976,55242.23950848,-0.029619458611220062,-0.00835485341029929,0.1838956769712332,0.7215296642947351,0.7360339736599635,0.23030980911451548,51.42392356928324,0.158,0.163,0.03497068930665059,28.088804,0.03560137341554308,0.0923,57.5
8725,MS&AD,4886.0,75288.34924544,69772.67171328,-0.003263973888208871,-0.02829903038954351,0.16649734346171696,0.5107548793667906,0.5547528783185578,0.15294496723239526,46.60141021749274,0.024,0.498,0.059799754400327476,11.881429,0.0841649602922342,0.16088,57.5
6504,富士電機,14540.0,12529.37957376,21227.11302144,0.04154727793696278,0.060760910089566744,0.06810586708707111,0.5014237294562096,0.4154214349107519,0.14568448734619754,66.46696376665574,0.102,0.903,0.13862138927097667,23.93731,0.04177578850756413,0.14274,57.1
8001,伊藤忠商事,2202.5,151400.14522368,153952.8196096,-0.0022650056625141968,0.051020532987398504,0.20274945701596958,0.3160214182579182,0.2521367346813739,0.10572376652541249,52.37132603114861,0.089,0.048,0.13608272417707168,3.402753,0.2938796909443618,0.14093,57.0
6752,パナソニックHD,4550.0,81709.45118208,106239.08839424,0.013363028953229383,0.037076739939296166,0.042034292840442466,1.9314261949657636,1.8266241851469456,0.39665457897630474,58.022862195711014,0.064,0.892,0.09311813186813178,26.946993,0.037109892001679,0.0525,57.0
5108,ブリヂストン,3842.0,46346.81802752,47428.23542784,-0.007491604236631311,-0.06588864575735476,0.12207943925233655,0.1366675069394736,0.21684368975587076,0.08286026260812163,47.313529114599916,0.142,2.101,0.046330036439354405,6.874463,0.14546590766435138,0.112670004,57.0
4507,塩野義製薬,2852.0,5632.06029312,24275.56200448,-0.006444870231666955,-0.007852222554208588,0.029987706407894832,0.11651097965021684,0.12534745834394645,-0.04782923788929272,48.52954755537911,0.637,1.482,0.1775362201963533,14.916318,0.06704067317417073,0.16773,57.0
6479,ミネベアミツミ,3823.0,17240.28944384,15352.99682304,0.02001067235859133,0.13361538930427663,-0.19190399582859807,0.4163395884757286,0.24940045966116053,0.09326439372679629,68.2453198538492,0.163,0.956,0.26637025895893274,17.79878,0.056183626068753025,,56.2
7269,スズキ,2003.0,66009.65750784,38643.3548288,0.007291928589389096,-0.06517604473506577,0.028946507508292862,-0.02096515675970656,0.04729327669275407,-0.00794258101640477,49.01007529692744,0.22,0.8,0.2763208686969545,11.364539,0.08799301053918684,0.1532,56.1
8002,丸紅,4832.0,87113.4396416,78514.07310848,0.0016583747927032544,-0.004051451501742354,0.03757849254471535,0.3911458253160234,0.39680491267713025,-0.05496152148672373,45.55383601223898,0.206,0.222,0.24040480132450348,15.545476,0.06432739660078597,0.14209,55.6
3402,東レ,1231.5,26682.14878208,17938.79441408,-0.02300674335581121,-0.03420521289669376,0.09304038955928418,0.3044411416792525,0.3506400729202972,0.07114068775526916,47.673500418145544,0.14,0.925,0.16192367032074717,18.2013,0.054941130578585046,0.05609,55.4
8058,三菱商事,4722.0,198782.87245312,172952.41904128,-0.00985531557978614,-0.0005104595634687348,0.08372380790903344,0.3992338882166093,0.3999485053195133,0.013796663394363584,46.13964055861035,0.228,0.579,0.12469843286742899,22.269384,0.04490469965401827,0.10077,54.9
8766,東京海上HD,521.0,83628.9691648,147677.05030656,-0.030697674418604604,0.31511961782935094,0.39586292290621516,0.6412670194133745,0.24799827875911462,0.4527953567565268,75.79848838542594,0.001,-0.433,0.11880998080614202,1.0567523,0.9462955510009299,,54.7
7267,ホンダ,1696.0,225178.550272,66025.55916288,0.00832342449464929,0.01689887106889998,0.17294737215345468,0.10745658294921245,0.089052819760852,0.15873324243683462,57.720370651385615,0.135,1.475,0.057852417452830096,7.434032,0.13451650463705295,-0.0076200003,54.3
7936,アシックス,4249.0,9426.010112,30121.62486272,0.006872037914692042,-0.0765051075853076,-0.05304212168486744,0.08694428074544147,0.1769900295857323,-0.026822818947322524,48.724647106069014,0.359,0.633,0.3446861143798541,42.04433,0.023784419920593335,0.42215002,54.3
3407,旭化成,1649.5,31623.41113856,21997.37073664,-0.004826546003016574,0.03491650255047052,-0.07296500796740668,0.44580895601597237,0.39702956948979895,0.025095495458950845,57.093675728690975,0.119,1.736,0.18621800545619882,16.452225,0.060782052275604063,0.09751,54.3
4005,住友化学,580.0999755859375,23805.73966336,9582.51139072,0.0,0.058122633397029055,0.14060581360630042,0.2617794336238941,0.19246994043879306,0.12040338698766306,56.26269633125364,0.099,,0.13007337974432343,14.893453,0.0671435965856944,0.13168,54.2
9503,関西電力,2673.0,41468.07963648,29778.73526784,-0.01201256699316211,0.038127249620940606,0.1748353680062924,0.28310440582662055,0.2359798919594207,0.08739454624638943,45.4935872590798,0.098,0.382,0.08193041526374856,8.136243,0.12290685025017074,0.12508,53.4
4543,テルモ,2351.5,11837.21979904,34687.00942336,0.023726599912929913,-0.06650893556511339,0.05479921759677886,-0.05110616751081254,0.016500177281959738,0.06811771031786229,52.88588661808876,0.199,0.683,0.3225600680416756,23.09241,0.04330427183650385,0.10854,53.3
9983,ファーストリテイリング,72750.0,38490.12903936,223234.11288064,0.026672311600338672,0.02090934605669381,-0.13395499095637708,0.5338203937826906,0.5024060654426741,0.041897345393003826,61.121911647592086,0.222,0.391,0.17824948453608247,53.150684,0.018814433319428215,0.22481,53.2
7752,リコー,1664.0,26573.28037888,9313.17219328,0.007874015748031482,-0.005119825819365542,0.18713264301949883,0.2665029714509548,0.2730206152655761,0.15635486411333654,57.3736936668743,0.084,2.849,-0.11658653846153844,14.410669,0.06939303095505142,0.07453,53.1
9984,ソフトバンクG,6701.0,79979.00193792,381884.8780288,0.04214618973561435,0.29953643880384284,0.13792127031223744,0.47337591675019297,0.13377037592448016,0.2903430531632145,61.080377141821245,0.109,-0.178,0.15650058200268613,22.692945,0.044066559012062995,0.31964,53.0
4689,LINEヤフー,506.8999938964844,21007.22008064,34770.82210304,-0.01169824572426681,-0.08501806155869251,0.19693032797280852,0.02762913883521012,0.12311412461955218,0.17686311269305866,42.43124021683042,0.131,0.241,0.16651747311078635,23.664799,0.04225685584737061,0.08316,52.8
2802,味の素,5260.0,16318.15991296,50115.0121984,0.02915280766973205,-0.026624852796218956,-0.0910590504319091,0.26019593699675414,0.2946662349217817,0.12379945880299537,58.293238309230425,0.132,0.168,0.20179252851711027,22.659716,0.04413117975529791,0.18486,52.8
1802,大林組,2982.0,26859.24016128,20498.90975744,-0.008643617021276584,0.012733089665925013,-0.07439538653892885,0.2627533281710541,0.2468767349031762,-0.11530705691969934,47.52026310587114,0.19,1.223,0.27850435949027497,21.61496,0.04626425401666254,0.16165,52.6
8802,三菱地所,3592.0,18868.78957568,43039.84263168,-0.0044345898004434225,-0.05515891499178027,-0.1318351137023982,0.08043268030040962,0.1435073023851523,-0.1275786301826276,44.62521614965675,0.394,2.074,0.39407015590200456,23.833853,0.04195712711662692,0.107,52.4
6971,京セラ,3728.0,21175.47982848,47626.21181952,0.0224904004388371,0.03624931187654923,0.07050554030991196,0.8632343044084727,0.798056011283937,0.2529504352939078,58.83106957267878,0.099,0.752,-0.03844777360515017,41.653633,0.024007509741107096,0.05059,51.8
7203,トヨタ自動車,2925.0,519570.2468608,346373.63544064,0.001712328767123239,-0.04531319923349664,0.07316162580116736,0.042528221434219526,0.09201072079051431,-0.05937534466086081,45.41713463260561,0.104,0.869,0.2644894358974359,9.021652,0.11084444401091952,0.12404,51.5
7261,マツダ,1106.5,51041.07782144,6981.68573952,-0.005393258426966252,-0.0699620913368234,0.038023044026194386,0.08791983780905888,0.16975859551017614,-0.011789305653775894,43.31771378076474,0.169,,0.1774579304112065,4.0368476,0.24771804613084727,0.05876,51.3
7735,SCREEN HD,15590.0,5917.3797888,29478.79272448,0.07221458046767548,0.14161823979306343,-0.06607254093584636,1.4056057103480244,1.1071892743970864,0.3434336076047071,70.00286576356308,-0.103,-0.372,0.1249198203976909,17.823254,0.05610647752649432,0.1887,51.1
2801,キッコーマン,1660.5,7719.10991872,15405.11367168,0.006973923590054554,-0.07756311976536434,0.012444384768903083,0.29913445894037793,0.40837220061054325,0.09546155241119325,43.41713667456156,0.15,0.264,0.13770948509485104,25.836317,0.03870520709279113,0.12088,51.0
6305,日立建機,5620.0,14284.71021568,11709.3433344,0.002318530408418118,-0.01949958679266517,0.08336829331862217,0.22616740548965852,0.2505526657339361,0.05163019155726878,50.801689806158265,0.075,1.485,0.10342526690391463,13.079501,0.07645551615463006,0.10929,50.7
1605,INPEX,3611.0,19629.78967552,41754.820608,-0.015271338969184645,-0.0683694530443757,0.10158633312995735,0.4188964449154917,0.523024818746177,-0.013113440873008253,37.58683135671725,-0.026,0.629,0.18149099972306826,13.4538,0.0743284425218154,0.092709996,50.7
2503,キリンHD,2844.5,25149.30106368,22540.12678144,-0.00332866152768041,-0.06829348182115946,0.004059301094246459,0.33038840227289357,0.4279050069042518,0.07830344438371228,45.099430452081876,0.092,1.649,0.04334680963262438,16.53779,0.060467571543718956,0.15143,50.6
7951,ヤマハ,1222.0,4777.77002496,5375.54092032,0.0008190008190007703,-0.07294504592247653,0.07283851518116546,0.2345640096336854,0.33170531499090283,0.05512966391909879,41.733537534642636,0.12,3.623,0.03343469721767578,16.017826,0.062430444680819985,0.06838,50.5
6503,三菱電機,5312.0,60789.59976448,108706.67083776,0.0205571565802114,-0.05404625888338954,-0.0882685234887236,0.43725801374837614,0.5193745225340796,-0.032057735307676305,50.881343166271506,0.14,,0.28263055346385535,32.166645,0.031088103841727974,0.10283,50.0
6146,ディスコ,60440.0,4612.8300032,65557.89426688,0.052045256744995605,0.021576814387527232,-0.23783049582415183,0.2842699212553983,0.25714474248846897,-0.06661386030205751,62.20403249504424,0.271,0.435,0.3522501654533421,44.410484,0.022517205621987817,0.27376,50.0
2269,明治HD,4171.0,11895.19949824,11310.36672,0.003609239653513008,-0.054957705906503285,0.10148182576676179,0.3842531186664304,0.4647525590314807,0.10602373835763435,44.891172735801895,0.058,0.512,0.11603931910812748,19.918816,0.05020378721305523,0.05525,49.8
7832,バンダイナムコHD,5755.0,13763.10001664,36910.61182464,0.006294806784402862,0.016531978490945676,0.5078291725485753,0.1948844657639015,0.1754519199068605,0.35475857674201294,63.16759141279855,0.093,0.346,-0.020187019982623844,33.870872,0.029523892978013676,0.1831,49.1
2502,アサヒグループHD,1595.0,29990.88054272,23329.46333696,0.0025141420490257804,-0.04519604908709962,0.013663806800127132,-0.07951282282856442,-0.03594117274928954,-0.003373983901099775,43.25363523567523,0.12,1.142,0.2889028213166145,11.148388,0.08969906680678856,0.05574,48.8
4452,花王,3482.0,17515.45020416,31503.67424512,-0.005142857142857116,-0.04209078404401656,0.07138461538461538,0.05604162836410631,0.10244437653748606,0.09821409334499398,50.01592497101092,0.094,0.329,0.16378736358414714,13.462728,0.07427915055551891,0.12319,48.6
9202,ANA HD,2971.0,26632.60880896,12757.22858496,-0.009996667777407486,-0.021916666914485128,0.0005867417415441611,0.045714323032942206,0.06914644965278671,0.010049322674100525,48.95203350787437,0.226,-0.19,0.16374957926624023,6.1008663,0.16391114815940155,0.13206,47.9
9432,NTT,170.3000030517578,147647.889408,137992.21362688,-0.0075757750904368315,0.025938997119206775,0.1847487436279096,0.11872803108723629,0.0904430324108716,0.11592618562057289,52.52156658750353,0.109,0.075,0.06241084414433007,11.704468,0.08543745858419195,0.107130006,47.7
6758,ソニーグループ,3787.0,126957.7547776,221362.76123648,0.007448789571694592,-0.03128946702332802,0.1534085911047709,-0.13573353614540062,-0.1078176251486963,0.06665821530623073,54.86544030392385,0.082,0.476,0.2823776076049642,20.671398,0.04837602178623816,0.13159999,46.3
9434,ソフトバンク,240.8000030517578,71947.86922496,115183.59896064,-0.0012443095983539765,0.031606329084052476,0.18004246668699575,0.11412372444828311,0.07998922945489939,0.12006948633431613,56.57922092981038,0.094,0.034,0.12458470335564731,20.776531,0.0481312303771982,0.16712,46.2
4568,第一三共,2740.5,22231.87951616,49867.59544832,-0.02124999999999999,-0.04817825289633482,0.06724919792929618,-0.21256308740754792,-0.1727054829451271,-0.023913204242569597,46.94971394073766,0.211,-0.181,0.4924283889801131,19.08958,0.05238459934686881,0.14812,45.9
6954,ファナック,6127.0,8925.0299904,56932.12983296,0.030960794211677634,0.012392597488433577,-0.13104524180967236,0.4657988910804578,0.4478561920709858,-0.06140197954754689,55.02336333351952,0.177,0.347,0.18800207279255754,35.39368,0.02825363172182152,0.10049,45.3
1803,清水建設,2125.5,20988.31949824,14426.8525568,-0.008628731343283569,-0.09140749241330481,-0.1552679898982019,0.05449400191711917,0.16057968023305813,-0.1996435107192317,36.2837245734619,0.093,3.982,0.36102432368854376,25.882853,0.0386356171786781,0.17629999,44.8
4502,武田薬品工業,5731.0,46189.34812672,91509.82520832,-0.008477508650518994,0.005396911654910186,0.1266040212848527,0.3639681751667383,0.3566464739996169,0.09067290054331956,52.11642287774944,0.102,-0.098,0.15548115512127025,40.821995,0.024496597973714906,-0.02262,44.3
1801,大成建設,12200.0,21699.66952448,19887.11284736,-0.010543390105433925,-0.023646758448310434,-0.13839205230670892,0.2457618439764262,0.27593353610069804,-0.17122014396993024,45.135818569471425,0.184,0.093,0.33021073770491793,25.630253,0.039016392073851165,,44.2
7202,いすゞ自動車,2067.5,35317.3897216,14208.62685184,-0.0217648450437663,-0.05134383285778121,-0.02215104185009442,0.12661403623253054,0.1875894293992746,-0.10018854959402523,37.95309270752578,0.068,0.274,0.24267506650544135,8.125688,0.12306650218418427,0.116009995,44.0
8830,住友不動産,3180.0,10454.76999168,29370.99911168,-0.0009425070688030557,-0.05588750393039532,-0.1422669637179811,-0.0075476568799127675,0.05120136345162707,-0.20692031968891111,44.110154819745354,,,0.4661344654088051,7.6029263,0.13152830377955918,0.09356,43.9
7741,HOYA,24390.0,9836.3998208,81355.72979712,0.03435114503816794,-0.0006146281499692652,-0.054834334431311804,0.171732230180347,0.17245285270813326,-0.062075290999311306,57.53598424962865,0.162,0.3,0.23821238212382134,35.700172,0.02801106952649976,0.2653,43.9
9143,SG HD,1415.5,17246.63988224,8446.81969664,-0.019736842105263164,-0.04435093436774429,-0.07501017859444781,-0.07791014587208911,-0.035116668567181764,-0.03623916702360619,34.50794279916741,0.217,0.231,0.2042002119392441,12.68824,0.07881313720421429,0.114870004,43.4
6702,富士通,4002.0,35324.88966144,69213.1725312,0.011372251705837666,0.03158558233809239,0.22671642123894808,0.10725965968375784,0.07335705213536436,0.09622498516293376,60.38336600428745,0.039,-0.761,0.20785757121439263,26.381016,0.037906045771701896,0.16202,43.3
4324,電通グループ,3564.0,14686.92955136,9251.651584,0.0002806623631770311,-0.026761332605133803,0.15601686668829062,0.09157733537519142,0.12159264931087299,0.11443868828315007,47.57966222901818,0.063,,0.015712682379348974,11.037473,0.09060044812793652,-0.34882998,43.1
6506,安川電機,4779.0,5554.61967872,12395.19461376,0.0315130584934169,-0.006651423820411506,-0.3024493332090379,0.5583736179680749,0.5688084277138332,-0.10279556003571966,55.74447896427822,0.106,-0.217,0.3157825905001046,23.32471,0.04287298748837606,0.07511,43.0
7532,パン・パシフィックHD,704.7000122070312,24452.60095488,21076.47066112,-0.01509432256180121,-0.129462616174143,-0.14726525727454998,-0.2925246237268553,-0.18731189559727313,-0.20953833814129808,29.669718122129808,,,0.4576789870953131,3.9770868,0.25144032561723323,0.16478,42.8
5332,TOTO,6048.0,7403.05010688,9946.08676864,0.025606240461251595,-0.036925752110181786,-0.28024667884937127,0.5466258605205219,0.6059258815291941,-0.003312330026843835,52.69274743046243,0.017,0.125,0.29836309523809534,24.783838,0.040348875747170394,0.07418,42.6
6367,ダイキン工業,20985.0,52280.24823808,58408.83417088,0.0028673835125447855,0.013023526827258491,-0.1346227960983476,0.2217095783544616,0.20600316379699302,-0.00876168787756304,52.65713849158229,,,0.17408396473671672,21.191618,0.047188468572810255,0.09603,42.5
5201,AGC,5787.0,21639.67000576,12291.22830336,0.006960153123368729,0.01012393087798924,-0.16300260341336414,0.2552348955117938,0.2426543487795172,-0.02679098753369713,53.66990872231564,0.135,0.745,0.12601520649732167,14.020253,0.07132538906394913,0.06104,42.5
4063,信越化学工業,6027.0,26078.4390144,109393.9494912,0.01379310344827589,0.007799378352191688,-0.12880951424760712,0.3439097133827138,0.3335091708233451,-0.026728866444566624,55.8899037090086,0.054,0.057,0.2880274431723908,18.278591,0.05470881207419106,0.112320006,42.4
9843,ニトリHD,2953.0,9068.12981248,16686.15110656,0.004421768707483009,-0.03225884395321399,0.19598383178155054,0.046278775722433,0.08115560569571367,0.09914746228872029,44.73782042867368,-0.023,-0.015,0.06117050457162221,3.3056092,0.3025160989992404,0.092180006,41.3
5411,JFE HD,1741.0,45851.35013888,11075.13311232,-0.012478729438457181,-0.04250017757248148,0.1384662959497731,-0.028597325921517425,0.014519952197710628,-0.03357493819839086,42.788859618741256,0.041,3.32,0.0798391728891441,5.4779434,0.182550261472216,0.0377,41.3
4519,中外製薬,6175.0,13428.0904704,101614.39637504,-0.008032128514056214,-0.12199630314232901,-0.18471085291787692,-0.06306861623627169,0.06711553392879366,-0.2208838371278805,34.61910180306087,0.178,0.197,0.4364372469635627,26.175236,0.03820404904849759,0.23493,40.6
7011,三菱重工業,3842.0,51342.62206464,129099.24057088,0.0007814535035164383,-0.042014536429495264,0.05611927557376806,0.054345430887646096,0.1005860432975656,-0.08450446791284527,49.8091666443281,0.0,0.973,0.41868245705361806,41.458942,0.024120248895883545,0.14746,40.5
8113,ユニ・チャーム,936.9000244140625,9682.31026688,16122.17843712,-0.0012791293072207388,-0.051336525339416905,-0.008046559646307516,-0.03316862530257236,0.01915104831388681,-0.006795786104546675,38.4899513660621,0.069,0.279,0.19604159547418698,5.2989087,0.1887181034087264,0.08294,40.5
4661,オリエンタルランド,2882.0,7215.22982912,47256.63072256,-0.009111225717723936,-0.0490401967095474,0.1566807542963482,-0.2021280960300833,-0.1609825134467625,0.07200868908933922,41.27830846801673,0.104,0.502,0.1378296321998611,32.955975,0.030343511305613018,,40.2
9041,近鉄GHD,3350.0,17831.42940672,6369.96943872,-0.013254786450662692,-0.03872370844611128,-0.002743154034087647,0.10712295684192408,0.15172189990484042,0.01194955255811192,35.52206882803847,0.077,0.091,0.13432835820895517,12.475328,0.0801582130746382,0.09847,39.8
3401,帝人,1662.0,8520.15972352,3206.26229248,-0.016568047337278125,-0.022621666879991675,0.03685004696441707,0.3402948724637709,0.3713163337530234,0.05834876241554965,47.2403833698672,-0.087,,-0.048134777376654614,4.623988,0.21626353701609954,-0.09887,39.7
7751,キヤノン,4676.0,47007.02244864,39031.0264832,0.015418023887079357,-0.0021340162185232714,0.13083434099153557,0.10030064975136965,0.10265373069609018,0.05671428850987925,60.93961758620455,0.036,0.555,0.011937211291702443,12.899667,0.07752138097828416,0.10371,39.7
7309,シマノ,17770.0,4758.93006336,14984.82999296,-0.003085553997194901,-0.10591194968553463,0.020677771395749556,0.1196422063457967,0.25227286725507647,0.027573083834959933,33.73280910333128,0.045,,0.08128868880135065,19.307663,0.05179290730317802,0.06847,38.9
6988,日東電工,3517.0,10536.50976768,23265.79380224,0.012086330935251688,0.022664604152808687,0.12118405539970611,0.05383657961234278,0.030481132653806142,0.0592489475316027,60.14778322428978,0.104,0.111,0.060562979812340156,18.35212,0.054489617548272355,0.12546,38.8
2433,博報堂DYHD,1308.0,8674.050048,4696.13903872,0.0038372985418264616,-0.026890979298514917,0.16081975910072766,0.11980063516919426,0.15074530329804525,0.13605923395552955,52.16547749874483,0.038,,-0.06536697247706424,23.298897,0.042920486750939325,0.04452,38.7
9502,中部電力,2647.5,35715.72015104,19998.90546688,-0.022882450636648843,-0.05646327909150339,-0.11938635354833183,0.3504916973819914,0.4313080428726219,0.0032973871157038204,34.07971315276821,0.032,-0.588,0.13692162417374876,11.277475,0.08867233135076778,0.06044,38.6
9532,大阪ガス,5696.0,20373.16059136,21501.09544448,-0.009563554164493171,0.018227156132973876,0.054386070045121526,0.38752463320198793,0.36268672942443714,-0.0012139821579870702,46.88403028075824,0.015,-0.238,0.15139281952247186,19.473505,0.05135182392692019,0.07901,37.8
1925,大和ハウス工業,2175.5,56931.0183424,26956.19674112,-0.009335154826958125,-0.040907690714738876,0.015965675257581413,-0.14317146199788588,-0.10662557742680323,-0.06432619757788627,41.836384095838284,0.09,0.09,0.16499393242932658,4.621742,0.21636863329887301,0.12880999,37.1
7211,三菱自動車,347.29998779296875,29073.08032,4648.09852928,-0.010823179277947736,-0.09436912679790033,0.11894067473729497,-0.12881261786146314,-0.038032593723068,-0.016981352866960897,43.112735767413895,0.018,0.909,0.07663885154783778,3.8056102,0.2627699494814261,0.022669999,36.8
4901,富士フイルムHD,3393.0,34339.79969536,40579.97508608,0.013440860215053752,0.03385160331219872,-0.023241241082808006,-0.03613677055528153,-0.067696730984655,0.05070030765330902,57.00981804696769,0.103,-0.3,0.18025803124078976,11.362037,0.08801238721542624,0.07145,36.8
9433,KDDI,2931.0,61434.97207808,108328.66967552,0.0010245901639345245,0.017412247022499328,0.09417682838467378,0.22893597541345168,0.20790365853171666,0.0878732246441234,48.61012700774697,0.036,0.194,0.03418628454452399,1257.94,0.0007949504745854333,0.14586,36.7
9201,日本航空,3022.0,20902.89987584,12989.39379712,-0.015314434669273402,0.0023826820806645,0.07112043826065051,0.014269623497803918,0.011858685938653135,0.08490436444206773,54.576423090478556,0.102,-0.799,0.06882859033752475,12.128753,0.08244870680440108,0.090670004,36.6
4523,エーザイ,4833.0,8570.57001472,13640.466432,-0.004531410916580825,0.018422068824165194,0.18525160472645297,-0.01725095715920133,-0.0350277425002713,0.07200025540896826,57.56446759992183,0.156,0.26,-0.05190502793296092,23.858418,0.04191392740289821,0.049629997,36.4
6841,横河電機,4734.0,6159.6598272,11786.80295424,0.008951406649616356,-0.06625375427796276,-0.14537347387364774,0.11892871630959712,0.1983220510240058,-0.08439999601829773,46.28914009618612,0.086,-0.183,0.26821926489226877,21.908552,0.04564427626252981,,35.7
4151,協和キリン,2285.5,5298.00986624,11966.56951296,0.0024122807017543657,-0.14191852825229956,-0.11328806983511153,-0.0222738677341775,0.13943275138482547,-0.07477139657376786,41.50793063623045,0.153,0.83,-0.0016110260336905657,16.473259,0.06070444227216971,0.092530005,35.7
9022,JR東海,3672.0,20206.51040768,34861.23819008,-0.013963480128893702,-0.0628514304332003,0.05815771726003316,-0.11066446122114626,-0.05101969137086526,-0.07829587087135048,38.95635657874297,0.03,0.012,0.21261628540305,8.64977,0.11561001043958394,0.111590005,35.4
3861,王子HD,844.4000244140625,18727.74955008,7170.93470208,-0.002245023521577849,-0.021636142969342576,0.07093972752003097,0.07862270858019094,0.10247603775329561,0.008552389249175674,46.87107064087407,0.024,,0.04610762015663572,11.059594,0.09041923238773503,0.060100004,35.2
4755,楽天グループ,681.7000122070312,26465.53919488,14874.59581952,-0.012601407733748071,-0.13926766135475854,-0.04590621104684223,-0.31487435959092336,-0.2040201005025125,-0.16381168727897233,35.66366893259078,0.116,,0.3423303999033751,-89.5795,,0.0034,35.0
9005,東急,1605.5,10982.8800512,8969.73275136,-0.0049581654787728136,-0.015318049747781282,-0.04094715708567076,-0.12280416016969464,-0.10915820117793529,-0.07372315870706658,41.142266746664255,0.046,0.45,0.24838729367798207,13.9839735,0.07151043299674445,,34.5
2282,日本ハム,2008.0,14881.95944448,5514.94549504,0.010823055625472033,-0.05357427039449636,-0.0033090467130416634,0.05431152188616983,0.11399287752419385,-0.06569971481772341,43.62078334212843,0.087,-0.008,0.11657639442231083,5.837379,0.17130976076763219,0.067379996,34.4
1928,積水ハウス,3370.0,41481.58005248,21851.19399936,0.002677774471883332,-0.016919486581096876,0.016258717073791784,0.02023972032456345,0.03779874221738977,-0.010364610597695112,48.87799383641514,-0.058,-0.024,0.14078465875370916,8.928099,0.11200592645758073,0.12262,34.4
7974,任天堂,7940.0,22585.01107712,91538.13676032,-0.000503524672708977,-0.11709107083286996,0.1449170872386445,-0.3807292404919733,-0.29860177074865435,-0.06966583116121394,41.07560517943669,-0.095,0.55,0.29078664987405545,23.330297,0.04286272052173189,,34.1
9001,東武鉄道,2797.5,6631.14022912,5469.98943744,-0.008330379298121193,-0.04751692366160554,-0.03732384740119121,0.06740881706645352,0.12065908947155779,-0.009232771683430618,33.42075567103808,0.052,0.031,0.10813226094727435,12.268123,0.08151206178809912,0.09385,33.9
4307,野村総合研究所,5011.0,8293.93010688,28066.66756096,0.011914378029079131,-0.040374210490782825,0.09144479777085301,-0.1392083909359667,-0.10299241800882686,0.030368379036240567,50.22027032081036,0.075,0.132,0.2022122530433048,28.69167,0.03485332153896933,0.046040002,33.8
1812,鹿島建設,4937.0,30577.46968576,22814.63611392,-0.002424732269145302,0.03679136357204227,-0.14575595750246195,0.15516636845838794,0.11417437398254338,-0.14037630600707784,51.17030546748511,-0.015,0.179,0.41931193032205805,18.52394,0.05398419558689998,,33.6
7201,日産自動車,295.70001220703125,122651.85083392,10338.80338432,-0.004377063275989079,-0.07881616134881231,-0.020536541287837773,-0.1869672744506039,-0.1174044838434728,-0.17437861946130362,35.346211363899414,0.095,,0.2990112754241758,-20.156784,,-0.076519996,33.2
6902,デンソー,1840.0,76997.06150912,46131.38808832,-0.00540540540540535,-0.020535301661465666,-0.006268704222986199,-0.11157268105798279,-0.09294605466735428,-0.05272935501517606,41.94226377598575,0.091,-0.105,0.15157010869565224,9.542578,0.10479348452797556,0.09198,32.9
7259,アイシン,2180.0,52129.83001088,15204.72293376,-0.012904686438759305,-0.008249078613538186,0.013537664473366906,-0.11704838203621104,-0.10970426250834442,-0.0950298752166866,47.01291777045136,0.078,-0.15,0.2155963302752293,9.549258,0.10472017825887624,0.08434,32.7
6594,ニデック,2100.0,26163.05123328,24107.54342912,-0.10828025477707004,-0.20030464584920027,-0.1954022988505747,-0.21962095875139354,-0.024154589371980673,-0.1398113729224908,32.278117312476255,0.029,1.087,0.1952380952380952,11.077702,0.09027142994097512,0.06313,32.7
2587,サントリー食品,4519.0,18089.06059776,13963.69391616,0.0008859357696566761,-0.0026484219819024046,-0.0028684907325684517,-0.002835830415617191,-0.00018790608832963684,-0.01000956753286908,49.55117096469784,0.119,0.056,0.0668088072582429,13.622935,0.07340562074178582,0.07988,32.7
9735,セコム,6286.0,12673.57057024,25076.69241856,0.014853083629318586,-0.014050196428265105,-0.016189955006208012,0.13841868411441727,0.15464162576060514,0.034720637065027704,46.611043980670644,0.036,-0.007,0.13426662424435243,26.474056,0.037772829369251165,0.087110005,32.0
9020,JR東日本,3326.0,31420.50906112,37552.82006016,-0.0071641791044776415,-0.0589102606878682,-0.024559892604394284,-0.061556957736124795,-0.0028123747796794385,-0.07764078865518376,37.94817787970631,0.08,-0.134,0.21116455201443163,16.12997,0.06199639552956391,0.07948,31.1
3382,セブン&アイHD,1999.5,85444.89832448,45329.84086528,-0.001996506114300023,-0.000999250562078391,0.03903232157972414,0.02851986772328141,0.029548644785270195,-0.01815051511316279,45.86655403571136,-0.147,0.382,0.13590897724431117,17.335703,0.057684421566290105,0.080469996,30.8
9501,東京電力HD,518.5,63846.49240576,8310.01001984,-0.029207969105078946,-0.018178329918091984,0.12229437229437234,-0.20560749149252977,-0.19089939373491482,-0.119671228638762,44.60391953985079,0.039,,-0.35390549662487947,2.446216,0.4087946444631218,0.12517999,29.7
8801,三井不動産,1475.0,25243.60998912,39709.71205632,0.0003390979993218579,-0.03017437710623372,-0.017736620713846407,-0.04936015200544863,-0.019782705721847704,-0.10402177900958931,48.95213149128857,-0.231,-0.374,0.3977401355932204,15.521415,0.06442711569789224,0.06705,28.8
9021,JR西日本,2902.0,18431.84009216,13206.53160448,-0.013596193065941509,-0.01118940769235699,0.07473930551573482,-0.09519992680359934,-0.0849611844419893,-0.011433242653262066,44.338696209654834,-0.006,-0.179,0.08107260509993108,12.292964,0.08134734633567625,0.0934,28.0
7270,SUBARU,2537.0,48217.18925312,17646.52220416,-0.005098039215686301,-0.016972058269431045,0.08024603061078528,-0.11018060807117769,-0.09481780308061016,-0.05381375709196912,47.21895667206684,0.03,-0.08,0.07081856523452901,5.6834984,0.17594796894813938,0.03118,27.9
8267,イオン,1250.0,110904.25544704,34582.8098048,-0.03025601241272302,-0.0798675009201325,-0.0838465596872624,-0.31121142641050814,-0.2514245782229403,-0.2798305756137226,35.277883370042105,0.146,,0.1120000000000001,19.945747,0.05013600142426353,0.07205,26.8
9531,東京ガス,6110.0,28608.44056576,19959.283712,-0.012924071082390909,0.0055796245662917965,0.001174211135899661,0.1556912015659344,0.1492786581315091,-0.060859550553904684,47.657352823240124,0.04,-0.621,0.07010368248772503,22.530329,0.044384615954786995,0.096260004,26.3
9064,ヤマトHD,1979.5,18716.54944768,6268.61277184,-0.023433645781943735,0.026984324617976174,0.07988457214237776,-0.15843883338991815,-0.1805511082916178,0.04529286651903597,52.841750853212446,0.014,,-0.08287213942914873,18.30667,0.054624899012217946,0.02331,25.1
6753,シャープ,645.5,18555.24962304,4191.27328768,0.0012408682764408763,-0.003396653026969565,0.01942512248238426,-0.25727762267533016,-0.2547462542840838,-0.013029388085498916,48.030618719450885,-0.079,-0.886,0.022463206816421444,11.863628,0.08429124716317807,0.09599,20.6
