code,name,currentPrice,marketCap,trailingPE,forwardPE,priceToBook,enterpriseToEbitda,dividendYield,returnOnEquity,operatingMargins,revenueGrowth,earningsGrowth,targetMeanPrice,targetHighPrice,targetLowPrice,numberOfAnalystOpinions,recommendationMean,recommendationKey,trailingEps,forwardEps,ret_3m,ret_1y,ret_3y,last_date
2327.T,日鉄ソリューションズ,3860.0,706308210688.0,22.223501,24.666113,2.5559664,10.49,2.25,0.11682,0.098629996,0.133,0.019,3666.6667,4300.0,3000.0,9.0,3.66667,underperform,173.69,156.49,0.19504648885741327,0.07050710330304133,,2026-09-28
4307.T,野村総合研究所,5007.0,2804426211328.0,188.65862,28.668768,7.50462,25.621,1.68,0.046040002,0.19665001,0.075,0.132,6024.2856,6700.0,5190.0,14.0,1.35714,strong_buy,26.54,174.65,0.14629127034453604,-0.1304927816411826,,2026-09-28
3626.T,TIS,3948.0,828402368512.0,19.280169,16.981375,2.8340712,8.484,2.28,0.15434,0.12222999,0.07,0.248,4114.0,5200.0,3100.0,10.0,2.8,hold,204.77,232.49,0.27725662261735096,-0.22291917443406195,,2026-09-28
8056.T,BIPROGY,4750.0,458925211648.0,14.836796,16.573044,2.594701,8.053,2.95,0.17351,0.07275,-0.056,-0.218,5355.5557,6500.0,4600.0,9.0,,none,320.15,286.61,0.13473484565960936,-0.24219898159102915,,2026-09-28
6702.T,富士通,3978.0,6879809896448.0,22.77959,26.222809,3.3905816,12.611,1.38,0.16202,0.06741,0.039,-0.761,4833.846,6000.0,4100.0,13.0,1.76923,buy,174.63,151.7,0.23081685205139468,0.06824064728774282,,2026-09-28
6701.T,NEC,4778.0,6337271955456.0,23.570618,6.6457105,2.8366454,12.19,0.84,0.1416,0.07169,0.145,1.586,6273.077,8000.0,5150.0,13.0,1.46154,strong_buy,202.71,718.96,0.24491927123989532,0.04235357242338944,,2026-09-28
4739.T,伊藤忠テクノソリューションズ,,,,,,,,,,,,,,,,,,,,,,,
4812.T,電通総研,2863.0,558800699392.0,31.779333,10.078856,5.301812,16.584,1.57,0.17538999,0.12835,0.121,0.187,2700.0,2800.0,2600.0,2.0,,none,90.09,284.06,0.44116355402887986,0.3240527627243437,,2026-09-28
4768.T,大塚商会,3628.0,1375741935616.0,20.554077,23.857433,3.3246124,10.838,2.89,0.16991,0.071669996,0.087,0.03,3842.7273,4500.0,3070.0,11.0,,none,176.51,152.07,0.35171508945069574,0.17727827253051842,,2026-09-28
9759.T,NSD,2925.0,221225549824.0,17.211956,19.180328,3.2369409,8.562,3.32,0.20256001,0.13972001,0.096,0.162,3880.0,3880.0,3880.0,1.0,1.0,strong_buy,169.94,152.5,0.2152056501869548,-0.082320186979713,,2026-09-28
4722.T,フューチャー,2426.0,215127883776.0,17.482164,18.08693,3.2402139,9.686,1.94,0.19635001,0.19650999,0.095,0.09,2466.6667,2700.0,2000.0,3.0,,none,138.77,134.13,0.7192797082124971,0.09295145075782574,,2026-09-28
3774.T,IIJ,3441.0,610192523264.0,24.703856,24.052845,3.7898562,9.561,1.25,0.16308,0.06752,0.271,,3572.7,4300.0,3200.0,10.0,2.2,buy,139.29,143.06,0.11395269841171363,0.23909033815822522,,2026-09-28
4684.T,オービック,4987.0,2141387096064.0,29.070242,31.164854,4.3612175,20.5,1.88,0.16645999,0.67745,0.132,0.195,5513.3335,6200.0,4500.0,12.0,,none,171.55,160.02,0.3337791076006973,-0.06397524268399901,,2026-09-28
1306.T,TOPIX連動ETF,,,17.949736,,,,1.82,,,,,,,,,,,,,0.039358449626597736,0.3289482918768003,,2026-09-28
