code,name
2327.T,日鉄ソリューションズ
4307.T,野村総合研究所
3626.T,TIS
8056.T,BIPROGY
6702.T,富士通
6701.T,NEC
4812.T,電通総研
4768.T,大塚商会
9759.T,NSD
4722.T,フューチャー
3774.T,IIJ
4684.T,オービック
4733.T,オービックビジネスコンサルタント
9746.T,TKC
2317.T,システナ
3697.T,SHIFT
9682.T,DTS
4674.T,クレスコ
3636.T,三菱総合研究所
9600.T,アイネット
4709.T,IDホールディングス
2307.T,クロスキャット
3762.T,テクマトリックス
4686.T,ジャストシステム
4776.T,サイボウズ
3915.T,テラスカイ
9692.T,シーイーシー
4826.T,CIJ
4743.T,アイティフォー
4746.T,東計電算
3687.T,フィックスターズ
3923.T,ラクス
3994.T,マネーフォワード
4443.T,Sansan
4478.T,freee
2326.T,デジタルアーツ
1306.T,TOPIX連動ETF
